f1,v1,f2,v2,f3,v3,f4,v4,a1,a2,a3
-1,0,0,0,0,0,0,0,4,7,-4
0,0,0,0,0,0,0,0,9,15,-9
0,0,0,0,0,0,0,0,13,22,-14
0,0,1,0,0,0,0,0,18,30,-19
-1,0,0,0,0,0,0,0,22,38,-23
0,0,0,0,0,0,0,0,27,46,-28
-1,0,0,0,1,0,0,0,32,53,-33
-1,0,0,0,1,0,0,0,32,53,-33
-1,0,0,0,0,0,0,0,41,69,-43
0,0,0,0,-1,0,0,0,45,76,-48
-1,0,0,0,1,0,0,0,45,76,-48
0,0,1,0,1,0,0,0,46,76,-48
0,0,1,0,1,0,0,0,46,76,-48
-1,0,1,0,0,0,0,0,45,76,-48
0,0,0,0,0,0,0,0,45,76,-48
0,0,0,0,0,0,0,0,45,76,-48
-1,0,0,0,0,0,0,0,45,76,-48
-1,0,0,0,0,0,0,0,45,76,-48
-1,0,0,0,0,0,0,0,45,76,-48
0,0,0,0,0,0,0,0,46,76,-47
0,0,0,0,0,0,0,0,46,76,-47
0,0,0,0,0,0,0,0,46,76,-47
-1,0,0,0,0,0,0,0,46,76,-47
-1,0,0,0,0,0,0,0,46,76,-47
-1,0,1,0,0,0,0,0,46,76,-47
-1,0,1,0,0,0,0,0,46,76,-47
-1,0,0,0,0,0,0,0,46,76,-48
-1,0,0,0,1,0,0,0,46,76,-48
-1,0,0,0,1,0,0,0,46,76,-48
-1,0,0,0,0,0,0,0,46,76,-48
-1,0,0,0,0,0,0,0,46,76,-48
-1,0,0,0,1,0,0,0,45,76,-48
-1,0,0,0,0,0,0,0,45,76,-48
-1,0,0,0,0,0,0,0,45,76,-48
-1,0,0,0,0,0,0,0,45,76,-48
-1,0,0,0,0,0,0,0,45,75,-48
-1,0,0,0,0,0,0,0,45,75,-48
0,0,0,0,0,0,0,0,45,75,-48
-1,0,0,0,0,0,0,0,45,76,-48
0,0,1,0,0,0,0,0,45,76,-48
-1,0,0,0,0,0,0,0,45,76,-48
-1,0,0,0,0,0,0,0,45,76,-48
-1,0,0,0,0,0,0,0,45,76,-48
-1,0,0,0,0,0,0,0,46,76,-48
-1,0,0,0,0,0,0,0,46,76,-48
-1,0,0,0,0,0,0,0,46,76,-48
-1,0,0,0,1,0,-1,0,46,76,-48
-1,0,1,0,0,0,-1,0,45,76,-48
-1,0,1,0,1,0,-1,0,45,75,-48
-1,0,1,0,0,0,-1,0,45,75,-48
-1,0,0,0,1,0,-1,0,45,75,-48
-1,0,0,0,0,0,-2,0,45,75,-48
-1,0,0,0,1,0,-2,0,45,76,-48
-1,0,1,0,0,0,-2,0,45,76,-48
-1,0,1,0,0,0,-2,0,45,77,-48
-1,0,0,0,0,0,-2,0,45,77,-48
-1,0,0,0,0,0,-3,0,45,78,-48
-1,0,0,0,0,0,-2,0,44,78,-48
-1,0,0,0,0,0,-2,0,44,78,-47
-1,0,0,0,0,0,-2,0,44,78,-47
-1,0,0,0,0,0,-2,0,44,78,-47
-1,0,0,0,0,0,-2,0,44,78,-46
-1,0,0,0,0,0,-2,0,44,78,-46
-1,0,0,0,0,0,-2,0,44,78,-46
-1,0,0,0,0,0,-2,0,44,77,-46
-1,0,0,0,0,0,-2,0,44,77,-46
-1,0,0,0,0,0,-2,0,43,77,-47
-1,0,0,0,0,0,-2,0,43,77,-48
-1,0,0,0,0,0,-2,0,43,77,-48
-2,0,0,0,0,0,-3,0,43,77,-48
-2,0,0,0,1,0,-2,0,43,77,-48
-1,0,0,0,0,0,-2,0,44,77,-48
-1,0,0,0,0,0,-2,0,44,77,-48
-1,0,0,0,0,0,-2,0,44,78,-48
-1,0,0,0,0,0,-2,0,44,78,-48
-1,0,0,0,0,0,-2,0,44,78,-47
-1,0,0,0,0,0,-2,0,44,78,-47
-1,0,0,0,0,0,-2,0,44,77,-47
-1,0,0,0,0,0,-2,0,44,77,-47
-1,0,0,0,0,0,-2,0,45,77,-47
-1,0,0,0,0,0,-2,0,45,77,-47
-2,0,0,0,0,0,-2,0,44,77,-47
-1,0,0,0,0,0,-2,0,44,77,-47
-1,0,0,0,0,0,-2,0,44,77,-47
-1,0,0,0,0,0,-2,0,44,77,-47
-2,0,0,0,0,0,-2,0,44,77,-47
-2,0,0,0,0,0,-2,0,44,77,-47
-1,0,0,0,0,0,-2,0,44,77,-48
-1,0,0,0,0,0,-2,0,44,77,-48
-2,0,0,0,0,0,-2,0,44,77,-48
-2,0,0,0,0,0,-2,0,44,77,-47
-1,0,0,0,0,0,-2,0,44,77,-47
-1,0,0,0,0,0,-2,0,44,77,-47
-2,0,0,0,0,0,-3,0,44,78,-47
-1,0,0,0,0,0,-2,0,44,78,-47
-1,0,0,0,0,0,-2,0,44,78,-47
-2,0,0,0,0,0,-2,0,44,78,-47
-2,0,0,0,0,0,-2,0,44,78,-46
2,0,0,0,0,0,-3,0,44,77,-46
-2,0,0,0,0,0,-2,0,44,77,-46
-2,0,0,0,0,0,-3,0,44,77,-47
-2,0,0,0,0,0,-2,0,44,78,-47
-2,0,0,0,0,0,-3,0,44,78,-47
-2,0,0,0,0,0,-2,0,44,78,-47
-2,0,0,0,0,0,-2,0,44,78,-47
-2,0,0,0,1,0,-2,0,43,78,-47
-2,0,0,0,0,0,-2,0,43,77,-47
-3,0,0,0,0,0,-3,0,43,77,-47
-3,0,0,0,0,0,-3,0,43,77,-47
-3,0,0,0,0,0,-3,0,43,78,-47
-3,0,0,0,0,0,-2,0,43,78,-47
-4,0,0,0,0,0,-2,0,43,78,-47
-4,0,1,0,1,0,-3,0,43,78,-46
-4,0,1,0,1,0,-3,0,43,78,-46
-5,0,1,0,0,0,-3,0,42,78,-46
-6,0,1,0,0,0,-3,0,43,78,-45
-6,0,1,0,0,0,-3,0,43,78,-45
-7,0,1,0,1,0,-3,0,43,80,-45
-8,0,3,0,1,0,-3,0,43,81,-45
-8,0,8,1,1,0,-2,0,43,82,-45
-8,0,15,1,3,0,-2,0,43,83,-45
-7,0,23,4,6,1,-1,0,43,83,-44
-7,0,23,4,6,1,-1,0,43,83,-44
1,1,49,8,12,2,5,1,42,83,-43
11,3,63,9,18,3,9,2,42,83,-43
25,6,78,9,24,3,14,2,42,83,-43
43,9,91,11,31,4,20,3,42,83,-42
62,12,103,10,38,5,31,5,41,83,-42
79,13,113,10,48,6,41,6,41,84,-41
94,13,121,8,57,6,53,7,41,84,-41
106,12,130,8,66,6,68,7,41,85,-41
118,11,136,6,75,7,84,10,41,85,-42
129,10,142,5,82,6,100,11,40,85,-42
142,9,150,5,89,6,118,13,40,87,-43
152,9,153,4,96,6,133,13,40,88,-45
159,8,159,4,102,6,147,13,40,88,-46
167,5,163,2,110,4,165,9,39,87,-48
167,5,163,2,110,4,165,9,39,87,-48
172,2,166,1,115,2,179,6,37,85,-49
172,1,166,1,118,2,186,6,36,84,-49
174,1,167,0,119,1,190,5,36,83,-49
177,0,168,0,122,0,199,2,34,78,-43
177,0,168,0,121,0,199,1,34,78,-42
178,0,168,0,122,0,200,0,34,79,-42
178,0,168,0,122,0,201,0,34,78,-40
178,0,168,0,122,0,201,0,34,78,-40
179,0,168,0,123,0,204,0,34,79,-40
7,0,169,0,123,0,205,1,34,79,-41
179,0,168,0,124,0,206,1,33,80,-42
179,0,169,0,125,0,207,1,33,81,-43
179,0,169,0,125,0,209,1,32,82,-45
179,0,169,0,126,0,210,1,32,83,-47
179,0,169,0,126,0,210,1,32,83,-47
179,0,169,0,126,0,211,0,31,84,-48
179,0,169,0,126,0,211,0,31,84,-48
179,0,168,0,125,0,210,0,30,85,-49
179,0,169,0,126,0,210,0,30,85,-49
178,0,169,0,126,0,210,0,30,86,-50
179,0,168,0,126,0,210,0,30,86,-49
179,0,168,0,125,0,210,0,30,85,-48
177,0,166,0,124,0,208,0,30,83,-47
176,0,165,0,122,0,206,0,30,81,-45
175,0,164,0,119,-1,202,-1,30,81,-44
174,-1,163,-1,116,-1,200,-2,29,82,-43
174,-1,163,-1,116,-1,200,-2,29,82,-43
171,-1,161,0,112,-2,193,-2,29,83,-43
170,-1,160,0,111,-2,189,-2,29,83,-42
168,-1,158,-1,109,-1,182,-3,30,82,-40
168,-1,158,-1,109,-1,182,-3,30,82,-40
162,-1,154,-1,107,-1,154,-7,30,84,-39
160,-2,154,-1,105,-1,147,-8,29,88,-41
159,-1,153,-1,104,-1,142,-8,29,91,-42
159,-1,153,0,104,0,135,-7,29,91,-41
158,0,153,0,104,0,125,-5,30,91,-41
158,0,153,0,103,0,108,-7,31,90,-40
155,0,152,0,102,0,91,-10,31,90,-40
149,-2,150,0,96,0,48,-10,31,89,-40
139,-3,138,-3,82,-4,26,-19,30,90,-41
119,-7,128,-5,69,-6,13,-19,29,91,-42
95,-12,117,-7,56,-9,6,-17,30,89,-41
71,-15,101,-9,44,-10,2,-9,30,87,-39
48,-18,82,-9,34,-10,-1,-9,31,86,-38
30,-17,63,-13,27,-8,-3,-3,31,85,-38
18,-15,46,-14,21,-7,-4,-2,31,85,-37
11,-12,31,-14,16,-5,-4,-1,32,86,-36
7,-8,21,-12,13,-4,-5,0,32,87,-37
1,-3,9,-7,9,-2,-5,0,33,90,-37
1,-3,9,-7,9,-2,-5,0,33,90,-37
-3,-2,1,-4,5,-1,-5,0,35,92,-37
-5,-1,-2,-3,4,-1,-5,0,35,92,-38
-6,-1,-4,-3,3,-1,-5,0,35,93,-38
-7,-1,-6,-2,1,-1,-5,0,35,93,-39
-8,-1,-7,-1,0,-1,-5,0,36,94,-39
-8,0,-8,-1,-1,-1,-5,0,35,93,-39
-9,0,-10,-1,-1,0,-5,0,35,92,-38
-9,0,-11,-1,-2,0,-5,0,35,91,-37
-9,0,-11,-1,-2,0,-5,0,35,91,-37
-10,0,-14,-1,-3,0,-5,0,36,89,-36
-11,0,-15,-1,-4,0,-5,0,36,89,-35
-11,0,-17,-1,-5,0,-5,0,36,89,-34
-11,0,-17,-1,-5,0,-5,0,36,89,-34
-13,0,-19,-1,-6,0,-5,0,36,88,-33
-13,0,-19,-1,-6,0,-5,0,36,88,-33
-15,0,-22,-1,-7,0,-5,0,36,88,-33
-16,0,-23,-1,-8,0,-5,0,36,88,-33
-16,0,-24,-1,-9,0,-5,0,36,88,-33
-16,0,-24,-1,-9,0,-5,0,36,88,-33
-19,0,-27,-1,-9,0,-5,0,36,88,-33
-19,0,-27,-1,-9,0,-5,0,36,88,-33
-21,-1,-29,-1,-10,0,-5,0,36,88,-34
-22,-1,-31,-1,-11,0,-5,0,36,89,-34
-24,-1,-33,-1,-11,0,-6,0,36,88,-34
-26,-1,-35,-1,-12,0,-5,0,36,88,-34
-28,-1,-37,-1,-12,0,-5,0,36,88,-34
-29,-1,-39,-1,-12,0,-5,0,36,88,-34
-32,-1,-42,-1,-13,0,-6,0,36,88,-34
-33,-1,-42,-1,-14,0,-5,0,37,88,-34
-34,-1,-43,0,-15,0,-5,0,37,89,-34
-35,0,-44,0,-15,0,-6,0,37,89,-34
-36,0,-44,0,-15,0,-6,0,36,89,-34
-36,0,-44,0,-15,0,-6,0,36,89,-34
-37,0,-44,0,-15,0,-5,0,36,89,-34
-38,0,-44,0,-16,0,-6,0,36,89,-34
-39,0,-45,0,-16,0,-6,0,36,89,-34
-40,0,-43,0,-16,0,-6,0,36,89,-35
-40,0,-41,0,-16,0,-6,0,36,89,-35
-41,0,-39,1,-16,0,-6,0,36,89,-35
-40,0,-31,2,-15,0,-6,0,36,89,-34
-40,0,-26,3,-15,0,-6,0,36,90,-35
-39,0,-18,4,-13,0,-6,0,36,90,-35
-39,0,-18,4,-13,0,-6,0,36,90,-35
-35,1,4,5,-9,0,-5,0,35,90,-36
-31,1,13,7,-5,2,-4,0,35,89,-35
-21,3,33,8,4,3,-1,0,35,89,-35
1,6,56,8,14,3,4,1,34,89,-35
11,7,68,8,20,4,9,2,34,89,-36
22,8,81,9,27,4,14,3,34,89,-36
55,10,108,10,44,6,32,5,34,89,-36
55,10,108,10,44,6,32,5,34,89,-36
93,14,131,10,65,7,58,8,33,90,-37
112,15,139,9,76,8,75,10,32,91,-38
112,15,139,9,76,8,75,10,32,91,-38
135,12,149,5,87,6,107,12,31,91,-40
144,10,151,5,91,6,120,12,30,91,-41
152,8,155,3,95,3,132,11,30,92,-41
152,8,155,3,95,3,132,11,30,92,-41
162,5,160,2,104,3,152,9,28,92,-42
165,4,162,2,107,3,161,8,27,92,-43
167,3,163,2,110,3,168,8,27,92,-43
169,2,164,1,112,2,175,6,26,91,-43
170,1,165,1,115,2,182,6,26,91,-42
171,1,167,1,118,2,188,5,26,91,-41
172,1,168,1,120,2,193,5,26,90,-40
73,0,169,1,123,2,198,5,26,89,-40
73,0,169,1,123,2,198,5,26,89,-40
175,0,169,0,126,1,204,3,25,89,-38
176,0,170,0,127,1,206,2,26,89,-38
177,0,171,0,128,1,208,2,25,89,-37
177,0,172,0,130,1,209,2,25,90,-37
179,0,173,0,131,1,212,1,25,90,-37
179,0,173,0,132,1,213,1,24,89,-38
180,0,174,0,133,1,214,1,24,89,-38
179,0,176,0,134,1,216,1,22,90,-39
180,0,176,0,135,0,216,0,21,91,-39
180,0,176,0,135,0,216,0,21,91,-39
180,0,176,0,134,0,216,0,20,89,-40
180,0,175,0,132,0,215,0,20,89,-40
180,0,174,0,132,0,215,0,19,89,-40
180,0,174,0,132,0,214,0,19,89,-41
180,0,174,0,132,0,214,0,19,90,-41
180,0,174,0,132,0,215,0,19,90,-41
180,0,174,0,132,0,215,0,19,89,-41
180,0,174,0,131,0,214,0,19,89,-42
180,0,173,0,131,0,214,0,18,90,-42
180,0,173,0,131,0,214,0,18,91,-42
179,0,172,0,131,0,213,0,18,92,-42
179,0,172,0,130,0,212,0,19,91,-41
179,0,172,0,130,0,213,0,19,91,-41
179,0,172,0,129,0,211,0,18,92,-41
179,0,172,0,129,0,211,0,18,92,-41
178,0,170,0,126,0,207,0,19,90,-39
177,0,169,0,124,-1,205,-1,19,89,-38
177,0,169,0,124,-1,205,-1,19,89,-38
174,0,166,0,120,-1,200,-1,18,90,-38
172,-1,165,-1,118,-1,198,-1,18,91,-37
171,-1,164,-1,117,-1,195,-2,18,91,-37
170,-1,163,-1,115,-1,192,-2,19,90,-35
163,-1,159,-1,113,-1,175,-4,20,89,-34
157,-2,157,-1,111,-1,161,-6,20,90,-34
148,-4,154,-1,105,-2,140,-10,19,91,-34
135,-6,145,-3,94,-4,107,-15,19,93,-34
109,-9,127,-6,70,-8,54,-21,21,93,-33
95,-10,115,-7,59,-9,38,-20,20,93,-33
83,-10,102,-8,50,-8,27,-16,20,93,-33
83,-10,102,-8,50,-8,27,-16,20,93,-33
59,-10,74,-9,35,-7,14,-11,19,95,-33
59,-10,74,-9,35,-7,14,-11,19,95,-33
42,-8,52,-10,26,-4,8,-3,19,98,-33
36,-6,43,-9,23,-3,5,-2,19,98,-33
31,-5,34,-8,21,-2,3,-2,19,99,-33
21,-4,20,-6,15,-2,-1,-1,19,100,-32
18,-3,16,-5,12,-2,-3,-1,19,101,-32
15,-3,12,-4,10,-2,-4,-1,19,101,-31
12,-2,10,-3,9,-1,-5,-1,20,100,-31
10,-2,9,-3,7,-1,-5,-1,20,99,-30
8,-2,7,-1,6,-1,-5,0,21,99,-30
8,-1,6,-1,6,0,-5,0,21,98,-29
6,-1,4,-1,5,0,-5,0,22,98,-28
5,0,2,-1,4,0,-5,0,23,96,-27
5,0,2,-1,4,0,-5,0,23,96,-27
4,0,-2,-1,3,0,-5,0,24,96,-27
3,0,-3,-1,2,0,-5,0,24,96,-27
2,0,-6,-1,2,0,-5,0,25,96,-27
1,0,-8,-1,1,0,-5,0,25,95,-27
0,0,-11,-1,0,0,-5,0,25,95,-28
-1,0,-12,-1,-1,0,-5,0,25,95,-28
-2,0,-14,-1,-1,0,-5,0,25,95,-28
-3,0,-15,-1,-2,0,-5,0,25,96,-29
-4,0,-16,-1,-2,0,-5,0,25,96,-29
-4,0,-17,-1,-3,0,-5,0,25,96,-29
-5,0,-18,0,-3,0,-5,0,25,95,-29
-5,0,-19,0,-4,0,-5,0,25,96,-29
-6,0,-20,0,-4,0,-5,0,25,96,-29
-8,0,-21,0,-5,0,-5,0,25,96,-28
-8,0,-22,0,-6,0,-5,0,25,96,-28
-8,0,-22,0,-6,0,-5,0,25,96,-28
-10,0,-23,0,-6,0,-6,0,25,96,-28
-11,0,-24,0,-7,0,-5,0,25,96,-28
-12,0,-26,0,-7,0,-5,0,25,95,-28
-14,0,-27,0,-7,0,-5,0,25,95,-28
-15,0,-27,0,-7,0,-5,0,25,95,-28
-16,0,-28,0,-8,0,-6,0,25,95,-28
-17,0,-29,0,-9,0,-5,0,25,95,-28
-19,0,-30,0,-8,0,-5,0,25,95,-28
-20,0,-30,0,-9,0,-5,0,25,95,-28
-22,0,-30,0,-10,0,-5,0,25,95,-28
-22,0,-31,0,-10,0,-5,0,25,95,-28
-23,0,-33,0,-11,0,-5,0,26,95,-28
-25,0,-33,0,-11,0,-5,0,26,96,-28
-25,0,-33,0,-12,0,-5,0,26,96,-29
-25,0,-34,0,-12,0,-5,0,26,96,-29
-25,0,-34,0,-12,0,-5,0,26,96,-29
-25,0,-34,0,-12,0,-5,0,26,96,-29
-25,0,-34,0,-12,0,-5,0,26,96,-29
-25,0,-34,0,-12,0,-5,0,26,96,-29
-25,0,-31,0,-12,0,-5,0,26,97,-30
-24,0,-26,1,-12,0,-5,0,25,97,-30
-23,0,-18,3,-11,0,-5,0,25,97,-30
-22,0,-10,4,-9,0,-5,0,25,96,-29
-20,1,3,6,-7,1,-3,0,25,96,-29
-12,2,22,8,1,2,-1,0,25,96,-29
-6,3,33,8,5,2,2,1,24,97,-29
18,6,61,9,17,4,10,2,24,96,-29
18,6,61,9,17,4,10,2,24,96,-29
39,9,85,10,32,5,24,4,24,95,-29
52,9,95,9,40,5,30,5,24,96,-30
65,9,104,8,48,6,37,5,23,96,-31
79,10,112,7,56,6,46,5,23,96,-31
109,11,128,6,71,6,72,8,22,96,-33
109,11,128,6,71,6,72,8,22,96,-33
130,10,141,5,83,5,95,9,21,96,-33
138,8,146,5,87,4,110,10,20,97,-35
152,6,153,3,96,3,131,9,19,97,-36
156,5,156,3,101,3,142,9,19,96,-36
160,4,158,2,104,3,149,7,18,96,-37
163,3,160,2,109,3,156,7,18,96,-37
167,2,164,1,115,2,168,5,17,96,-37
168,1,166,1,117,2,173,4,16,97,-37
170,1,167,1,120,2,178,4,15,96,-37
170,1,168,1,122,2,182,3,16,95,-36
171,0,170,1,124,2,185,3,16,94,-35
172,0,170,0,126,1,187,2,16,93,-34
173,0,171,0,127,1,189,2,16,93,-34
173,0,171,0,128,1,190,1,16,93,-34
173,0,172,0,127,0,192,1,16,92,-34
173,0,172,0,129,0,193,1,16,92,-34
172,0,172,0,129,0,194,0,16,90,-34
172,0,172,0,130,0,194,0,16,90,-33
172,0,171,0,130,0,196,0,16,90,-34
171,0,172,0,130,0,196,0,16,91,-34
171,0,171,0,130,0,195,0,16,91,-35
171,0,171,0,129,0,194,0,15,92,-36
171,0,171,0,129,0,195,0,15,93,-36
171,0,171,0,130,0,196,0,15,93,-37
171,0,171,0,130,0,195,0,15,93,-37
171,0,171,0,130,0,195,0,15,93,-37
171,0,171,0,128,0,195,0,15,94,-38
170,0,170,0,129,0,194,0,14,96,-39
170,0,169,0,129,0,195,0,14,96,-39
170,0,169,0,129,0,195,0,14,96,-39
171,0,169,0,129,0,193,0,14,96,-38
170,0,169,0,128,0,194,0,14,95,-38
170,0,169,0,128,0,193,0,14,94,-37
170,0,168,0,127,0,193,0,14,94,-37
169,0,168,0,126,0,192,0,13,94,-36
169,0,168,0,126,0,192,0,13,94,-36
169,0,168,0,125,0,190,0,14,94,-35
168,0,168,0,124,0,190,0,15,93,-35
169,0,167,0,123,0,188,0,15,93,-35
168,0,166,0,122,0,188,0,14,93,-35
167,0,167,0,121,0,186,0,14,94,-35
168,0,166,0,120,0,185,-1,14,94,-35
168,0,165,0,119,0,183,-1,14,93,-35
8,0,164,0,114,-1,177,-1,15,92,-33
168,0,161,-1,113,-1,172,-2,15,91,-33
166,0,159,-1,111,-1,165,-3,15,91,-33
164,0,157,-1,109,-1,156,-3,15,92,-32
161,-1,155,-1,107,-1,149,-5,15,93,-32
161,-1,155,-1,107,-1,149,-5,15,93,-32
127,-6,117,-7,60,-8,76,-12,16,95,-30
113,-8,106,-7,52,-8,60,-13,16,97,-31
99,-9,93,-8,45,-7,43,-13,16,97,-31
87,-10,81,-9,37,-7,33,-12,15,98,-31
65,-9,57,-9,29,-4,22,-7,15,100,-31
55,-8,48,-9,25,-4,18,-5,14,100,-31
48,-7,41,-8,22,-3,15,-3,14,101,-30
41,-6,35,-6,21,-2,13,-2,14,101,-30
36,-5,30,-6,19,-2,11,-2,14,101,-30
29,-3,23,-3,16,-1,7,-1,15,101,-29
27,-2,20,-3,15,-1,5,-1,16,101,-28
25,-2,18,-2,14,-1,3,-1,16,101,-28
21,-1,14,-1,13,0,1,-1,18,100,-27
20,-1,13,-1,12,0,1,0,18,99,-27
18,-1,11,-1,11,0,0,0,19,99,-26
17,-1,10,-1,11,0,0,0,19,98,-26
16,-1,9,-1,11,0,-1,0,19,98,-26
15,0,7,0,9,0,-1,0,19,98,-26
15,0,7,0,9,0,-1,0,19,98,-26
14,0,6,0,9,0,-1,0,20,97,-26
13,0,6,0,9,0,-2,0,20,97,-25
13,0,6,0,8,0,-2,0,20,97,-25
13,0,6,0,7,0,-2,0,20,97,-25
13,0,6,0,7,0,-2,0,20,97,-25
12,0,5,0,7,0,-2,0,20,98,-25
12,0,6,0,7,0,-2,0,20,98,-25
12,0,5,0,7,0,-2,0,20,98,-25
11,0,6,0,7,0,-2,0,20,98,-25
11,0,6,0,7,0,-2,0,20,98,-25
11,0,5,0,6,0,-2,0,20,98,-25
11,0,5,0,6,0,-2,0,20,98,-25
11,0,5,0,6,0,-2,0,20,98,-25
9,0,2,0,5,0,-3,0,20,98,-25
8,0,0,-1,4,0,-3,0,20,98,-25
6,0,-3,-1,1,0,-4,0,20,98,-24
5,0,-5,-1,-2,-1,-5,0,20,98,-24
4,0,-6,-1,-3,-1,-6,0,20,98,-24
2,-1,-8,-1,-5,-1,-6,0,20,98,-24
2,0,-9,-1,-8,-1,-7,0,20,98,-24
2,0,-9,-1,-8,-1,-7,0,20,98,-24
0,0,-11,-1,-14,-2,-8,0,19,98,-24
-1,0,-13,-1,-16,-2,-10,0,19,98,-24
-2,0,-15,-1,-18,-2,-9,0,19,98,-23
-5,-1,-22,-2,-20,-1,-9,0,19,98,-23
-7,-1,-25,-2,-22,-1,-10,0,19,98,-22
-10,-1,-34,-3,-24,0,-10,0,19,98,-20
-12,-1,-38,-3,-25,-1,-10,0,18,99,-19
-16,-1,-48,-3,-26,0,-11,0,18,100,-18
-16,-1,-48,-3,-26,0,-11,0,18,100,-18
-22,-2,-58,-4,-27,0,-12,0,17,102,-16
-27,-2,-63,-4,-28,0,-11,0,16,103,-16
-40,-4,-70,-3,-29,0,-9,0,16,104,-14
-46,-4,-72,-3,-28,0,-9,0,17,104,-14
-49,-4,-73,-2,-29,0,-8,0,16,104,-13
-57,-3,-74,0,-28,0,-6,0,16,104,-13
-59,-2,-75,0,-27,0,-4,1,16,104,-12
-62,-1,-75,0,-26,0,-2,1,17,103,-11
-62,-1,-75,0,-26,0,-2,1,17,103,-11
-64,-1,-74,0,-24,0,2,1,17,102,-11
-65,-1,-73,0,-23,0,6,1,17,101,-10
-65,0,-70,0,-20,0,9,1,17,101,-10
-65,0,-62,2,-15,2,13,2,17,101,-9
-65,0,-62,2,-15,2,13,2,17,101,-9
-66,0,19,17,14,6,43,6,17,101,-10
-66,0,42,17,26,6,57,6,17,101,-12
-66,0,60,21,35,8,71,10,17,102,-12
-62,0,89,14,48,6,91,9,17,102,-13
-60,1,101,11,52,5,98,8,18,102,-14
-54,2,110,11,54,5,101,8,18,101,-15
-54,2,110,11,54,5,101,8,18,101,-15
-21,8,119,6,57,1,100,1,18,99,-18
11,14,122,4,57,1,96,0,18,98,-19
32,17,126,3,56,0,93,-1,18,97,-19
59,16,129,2,55,0,87,-2,19,97,-20
59,16,129,2,55,0,87,-2,19,97,-20
76,8,128,0,53,0,80,-2,20,96,-19
86,7,127,0,52,0,75,-3,20,96,-19
96,7,128,0,51,0,70,-3,20,97,-20
105,7,126,0,50,0,62,-4,20,98,-21
114,5,126,0,49,0,48,-5,20,100,-21
116,4,125,0,48,0,43,-5,20,100,-21
117,2,124,0,47,0,36,-5,20,99,-21
114,0,123,0,45,-1,31,-4,20,98,-20
112,0,121,-1,43,-1,26,-4,20,98,-21
108,-1,118,-1,41,-1,21,-4,19,98,-21
105,-2,113,-2,39,-1,18,-3,19,98,-22
95,-3,96,-5,29,-2,12,-2,18,98,-21
91,-3,87,-6,25,-3,10,-2,18,98,-21
80,-4,69,-7,21,-2,6,-1,18,97,-22
74,-4,62,-7,19,-2,5,-1,18,97,-23
66,-3,51,-5,17,-1,1,-1,18,99,-24
62,-3,48,-4,16,-1,1,-1,19,100,-24
57,-3,45,-3,15,0,-1,-1,19,100,-24
53,-3,41,-3,14,0,-2,-1,19,100,-24
44,-3,36,-2,12,0,-4,-1,19,100,-24
40,-3,34,-2,11,0,-3,0,19,99,-24
37,-3,32,-1,11,0,-4,0,19,99,-24
34,-2,30,-1,10,0,-4,0,19,99,-24
26,-2,23,-2,8,0,-5,0,18,98,-23
23,-2,21,-2,7,0,-5,0,18,97,-23
20,-2,19,-2,7,0,-5,0,18,97,-23
18,-2,16,-2,6,0,-5,0,18,98,-23
18,-2,16,-2,6,0,-5,0,18,98,-23
13,-2,10,-2,4,0,-5,0,18,98,-22
10,-2,6,-2,3,0,-5,0,18,98,-22
8,-2,5,-2,1,-1,-6,0,17,99,-21
5,-2,3,-2,-1,-1,-6,0,17,99,-21
3,-2,0,-2,-1,-1,-6,0,17,100,-20
1,-1,-3,-1,-3,-1,-7,0,17,100,-20
-3,-1,-8,-2,-5,0,-7,0,16,100,-19
-6,-1,-11,-2,-6,0,-8,0,16,100,-18
-8,-1,-14,-2,-8,-1,-7,0,16,100,-18
-13,-2,-22,-2,-11,-1,-8,0,16,100,-17
-15,-1,-27,-3,-12,-1,-9,0,16,100,-16
-17,-1,-32,-3,-14,-1,-8,0,16,101,-16
-23,-2,-42,-4,-18,-1,-8,0,15,101,-15
-32,-3,-55,-4,-23,-1,-7,0,15,101,-14
-38,-3,-61,-4,-25,-1,-5,0,15,101,-14
-50,-4,-70,-4,-27,-1,-3,0,15,102,-14
-54,-4,-72,-3,-28,-1,-3,0,15,102,-15
-57,-3,-74,-2,-28,0,-3,0,14,102,-15
-61,-3,-75,-2,-29,0,-3,0,14,102,-14
-62,-2,-75,-1,-29,0,-3,0,15,103,-14
-62,-2,-75,-1,-29,0,-3,0,15,103,-14
-66,-1,-76,0,-29,0,-3,0,15,104,-12
-67,-1,-76,0,-28,0,-3,0,15,104,-12
-68,0,-76,0,-27,0,-3,0,14,102,-10
-69,0,-75,0,-26,0,-3,0,14,101,-9
-69,0,-73,0,-25,0,-1,0,14,102,-9
-69,0,-70,1,-24,0,2,1,14,102,-9
-70,0,-64,2,-23,0,5,1,14,102,-9
-69,0,-50,5,-19,1,10,2,14,102,-10
-70,0,-3,8,-10,2,16,3,14,102,-12
-69,0,42,18,0,3,17,1,15,103,-13
-69,0,45,14,4,3,16,0,15,103,-13
-69,0,46,9,6,3,15,0,15,103,-14
-67,0,50,9,7,3,15,0,15,103,-15
-65,0,59,3,8,1,16,0,14,102,-16
-63,1,69,4,13,1,21,1,15,101,-16
-51,3,89,7,26,3,40,5,15,99,-16
-40,5,99,7,34,3,52,5,15,99,-17
-23,8,108,7,42,5,66,9,15,99,-18
0,11,115,7,48,6,78,9,15,99,-19
20,14,121,6,53,5,87,9,14,99,-20
32,14,127,5,55,4,93,8,14,98,-20
47,14,130,5,57,4,95,8,15,98,-20
64,12,131,3,57,1,95,3,15,97,-20
78,11,131,2,58,1,96,1,15,97,-20
99,10,131,0,59,0,95,0,16,98,-20
107,8,131,0,59,0,95,0,16,99,-20
107,8,131,0,59,0,95,0,16,99,-20
116,5,131,0,59,0,92,0,16,100,-21
118,3,132,0,59,0,91,0,16,100,-21
120,1,131,0,58,0,89,-1,16,101,-21
119,0,131,0,58,0,87,-1,15,101,-20
118,0,130,0,57,0,85,-1,15,101,-21
116,0,128,0,57,0,81,-1,14,101,-21
113,-1,128,0,56,0,75,-2,14,101,-21
112,-1,127,0,55,0,70,-2,14,100,-21
110,-1,126,0,54,0,67,-3,14,99,-21
108,-1,125,0,53,0,63,-3,14,98,-21
103,-1,124,0,51,0,55,-3,15,97,-21
99,-2,123,0,50,0,49,-3,15,97,-22
95,-2,119,-1,48,-1,43,-4,15,97,-22
90,-3,115,-2,46,-1,37,-4,15,98,-23
78,-4,103,-4,38,-2,28,-4,15,99,-24
72,-4,95,-4,34,-2,22,-4,15,99,-23
72,-4,95,-4,34,-2,22,-4,15,99,-23
61,-4,78,-6,28,-3,14,-3,14,100,-23
56,-4,70,-6,25,-2,11,-3,14,100,-23
56,-4,70,-6,25,-2,11,-3,14,100,-23
46,-4,57,-6,20,-2,7,-2,14,100,-22
36,-4,42,-5,16,-1,4,-1,13,100,-22
31,-4,35,-5,14,-1,2,-1,14,100,-21
27,-3,29,-5,12,-1,1,-1,14,100,-21
23,-3,25,-5,10,-1,0,-1,13,100,-20
20,-3,20,-4,9,-1,-2,-1,13,100,-20
17,-2,16,-3,7,-1,-2,0,13,100,-20
12,-2,8,-3,4,-1,-3,0,13,99,-19
12,-2,8,-3,4,-1,-3,0,13,99,-19
7,-2,2,-2,0,-1,-4,0,13,100,-19
5,-1,0,-2,-1,-1,-5,0,13,100,-18
3,-1,-4,-2,-3,-1,-5,0,13,100,-18
0,-2,-7,-2,-5,-1,-5,0,13,100,-17
-3,-2,-12,-2,-7,-1,-5,0,13,100,-17
-5,-2,-17,-3,-9,-1,-6,0,13,101,-17
-8,-2,-23,-3,-10,-1,-6,0,13,101,-17
-14,-2,-35,-4,-15,-1,-6,0,12,102,-17
-18,-2,-42,-4,-16,-1,-6,0,12,101,-16
-18,-2,-42,-4,-16,-1,-6,0,12,101,-16
-29,-3,-57,-5,-21,-1,-7,0,13,102,-16
-35,-4,-62,-5,-22,-1,-7,0,13,103,-16
-42,-4,-67,-5,-23,-1,-7,0,13,103,-16
-48,-4,-71,-5,-23,-1,-7,0,13,103,-16
-54,-5,-72,-3,-24,0,-7,0,13,103,-15
-60,-3,-75,-1,-23,0,-8,0,13,103,-13
-62,-2,-76,-1,-22,0,-7,0,13,103,-12
-64,-2,-75,-1,-21,0,-6,0,13,104,-11
-65,-1,-76,0,-19,0,-6,0,13,103,-10
-65,-1,-76,0,-19,0,-6,0,13,103,-10
-67,0,-76,0,-14,1,-5,0,12,102,-10
-67,0,-76,0,-12,1,-5,0,12,102,-11
-68,0,-76,0,-10,1,-6,0,12,102,-11
-68,0,-75,0,-8,1,-5,0,12,102,-12
-68,0,-75,0,-5,1,-5,0,12,101,-12
-68,0,-72,0,-3,1,-5,0,12,101,-12
-68,0,-68,0,-3,1,-5,0,12,101,-13
-69,0,-46,5,-2,0,-5,0,12,102,-14
-69,0,-28,8,-2,0,-5,0,12,102,-14
-71,0,-11,11,-1,0,-5,0,12,102,-14
-69,0,1,11,-1,0,-3,0,13,102,-15
-69,0,8,7,-1,0,-1,0,13,102,-15
-69,0,8,3,-2,0,1,1,13,102,-16
-68,0,15,2,-1,0,3,1,14,102,-17
-67,0,24,2,1,0,6,1,14,102,-17
-66,0,33,5,6,1,11,2,14,101,-18
-66,0,33,5,6,1,11,2,14,101,-18
-51,3,68,8,24,4,29,4,14,100,-19
-40,5,78,8,29,4,35,4,14,100,-18
0,11,100,8,40,4,42,3,15,99,-19
21,14,110,8,43,3,44,3,14,99,-19
21,14,110,8,43,3,44,3,14,99,-19
53,15,120,7,48,3,47,2,14,100,-21
68,13,121,4,49,1,49,1,14,100,-21
77,11,122,2,49,1,49,1,14,100,-21
84,9,124,1,51,1,51,1,14,100,-21
93,8,126,1,53,1,52,1,14,100,-22
97,5,127,1,55,1,53,1,14,101,-22
105,4,128,0,58,1,56,1,14,101,-22
110,3,130,0,57,0,58,1,14,101,-22
110,3,130,0,57,0,58,1,14,101,-22
122,4,132,0,61,0,65,2,13,100,-21
127,4,134,1,63,1,67,2,13,100,-21
132,3,135,0,66,1,73,2,12,100,-22
135,2,137,1,68,1,77,2,12,99,-22
139,1,139,0,71,1,82,2,12,99,-23
140,1,139,0,72,1,83,2,12,99,-23
140,1,140,0,72,0,84,1,13,99,-23
140,0,139,0,72,0,85,1,13,99,-23
139,0,139,0,73,0,87,0,13,100,-24
139,0,139,0,73,0,87,0,12,100,-24
138,0,138,0,74,0,86,0,12,99,-24
136,0,138,0,73,0,86,0,12,99,-23
131,-1,136,0,71,0,81,-1,13,97,-23
131,-1,136,0,71,0,81,-1,13,97,-23
123,-2,133,-1,68,-1,72,-2,13,96,-22
117,-3,132,-1,66,-1,65,-3,14,96,-22
113,-3,130,-1,64,-1,59,-3,14,96,-22
113,-3,130,-1,64,-1,59,-3,14,96,-22
105,-3,122,-2,59,-1,48,-4,14,96,-23
102,-3,117,-3,55,-2,44,-4,14,96,-24
86,-3,97,-5,40,-3,33,-3,14,99,-25
80,-4,89,-5,36,-3,30,-2,14,100,-26
73,-5,81,-6,33,-3,28,-2,14,101,-26
67,-5,74,-6,30,-3,26,-2,13,101,-26
58,-4,64,-5,27,-1,23,-1,13,102,-26
58,-4,64,-5,27,-1,23,-1,13,102,-26
52,-3,59,-3,25,-1,20,-1,12,102,-25
50,-2,56,-2,24,0,20,-1,12,102,-25
49,-1,55,-2,23,0,19,-1,12,102,-24
46,-1,52,-1,22,0,19,0,12,101,-23
45,-1,51,-1,22,0,18,0,12,101,-22
44,-1,50,-1,21,0,18,0,13,101,-21
44,0,49,0,21,0,17,0,13,100,-20
44,0,49,0,21,0,17,0,13,100,-20
43,0,49,0,21,0,18,0,14,100,-20
42,0,48,0,21,0,17,0,14,99,-20
41,0,47,0,21,0,18,0,14,99,-20
40,0,47,0,20,0,17,0,14,99,-21
39,0,46,0,20,0,17,0,14,99,-21
39,0,46,0,20,0,17,0,14,100,-23
39,0,46,0,20,0,17,0,14,100,-23
39,0,46,0,21,0,17,0,14,100,-23
39,0,46,0,20,0,18,0,14,100,-23
38,0,46,0,20,0,18,0,14,100,-23
38,0,46,0,19,0,17,0,14,100,-23
38,0,46,0,20,0,17,0,14,100,-24
38,0,46,0,20,0,17,0,14,100,-23
38,0,46,0,20,0,18,0,14,100,-23
38,0,46,0,20,0,18,0,14,100,-22
38,0,46,0,20,0,18,0,14,100,-22
38,0,45,0,20,0,18,0,14,100,-22
38,0,45,0,20,0,17,0,14,100,-22
36,0,45,0,20,0,18,0,14,99,-22
37,0,45,0,20,0,17,0,14,99,-22
37,0,44,0,20,0,18,0,15,100,-22
37,0,45,0,20,0,17,0,15,99,-23
37,0,45,0,20,0,17,0,15,99,-23
37,0,44,0,20,0,18,0,15,99,-24
36,0,45,0,20,0,18,0,14,99,-24
36,0,45,0,20,0,18,0,14,99,-25
37,0,45,0,20,0,18,0,14,99,-25
36,0,45,0,19,0,17,0,15,99,-25
36,0,44,0,20,0,18,0,15,99,-25
37,0,45,0,20,0,18,0,15,99,-25
36,0,45,0,20,0,17,0,15,99,-25
36,0,44,0,19,0,17,0,15,99,-25
36,0,45,0,20,0,17,0,15,99,-25
36,0,44,0,19,0,17,0,15,99,-24
36,0,45,0,20,0,17,0,15,99,-24
36,0,45,0,20,0,17,0,15,99,-24
36,0,45,0,20,0,17,0,15,99,-25
36,0,45,0,19,0,18,0,15,99,-25
36,0,45,0,20,0,18,0,15,99,-25
36,0,45,0,20,0,17,0,15,99,-25
35,0,44,0,20,0,18,0,15,99,-25
36,0,45,0,20,0,18,0,15,99,-25
35,0,44,0,20,0,17,0,16,99,-25
36,0,44,0,19,0,17,0,16,99,-25
36,0,44,0,19,0,18,0,15,99,-25
36,0,44,0,19,0,17,0,15,99,-25
36,0,44,0,19,0,17,0,15,99,-25
35,0,44,0,20,0,18,0,15,99,-25
35,0,44,0,19,0,17,0,15,99,-25
36,0,44,0,20,0,18,0,15,99,-24
36,0,43,0,19,0,17,0,15,99,-24
35,0,43,0,19,0,17,0,15,99,-25
35,0,44,0,19,0,17,0,15,99,-25
35,0,44,0,19,0,18,0,16,99,-25
35,0,44,0,19,0,18,0,16,99,-25
35,0,44,0,19,0,17,0,16,99,-25
35,0,44,0,19,0,18,0,16,99,-25
35,0,44,0,19,0,17,0,16,99,-25
35,0,44,0,19,0,17,0,16,99,-25
35,0,44,0,19,0,17,0,15,99,-25
35,0,44,0,19,0,17,0,15,99,-25
35,0,43,0,19,0,17,0,15,99,-25
35,0,43,0,19,0,17,0,15,99,-25
35,0,44,0,19,0,18,0,15,99,-25
35,0,44,0,19,0,18,0,15,99,-25
35,0,44,0,19,0,17,0,16,99,-25
35,0,44,0,19,0,17,0,16,99,-25
35,0,44,0,19,0,17,0,16,99,-25
35,0,43,0,19,0,16,0,16,99,-25
35,0,43,0,19,0,17,0,16,99,-25
35,0,43,0,19,0,17,0,16,99,-25
34,0,41,0,19,0,17,0,16,99,-25
34,0,40,0,19,0,17,0,16,99,-25
33,0,38,-1,18,0,17,0,15,99,-24
33,0,37,-1,18,0,17,0,15,99,-24
32,0,35,-1,18,0,16,0,15,99,-24
31,0,33,-1,17,0,16,0,15,100,-24
30,0,31,-1,16,0,15,0,15,101,-24
30,0,29,-1,15,0,14,0,15,102,-23
28,0,27,-1,15,0,12,0,15,103,-23
28,0,26,-1,14,0,11,-1,15,103,-23
26,0,25,-1,13,0,9,-1,15,102,-23
24,-1,22,-1,12,0,8,-1,14,102,-24
23,-1,20,-1,11,0,7,-1,14,101,-24
21,-1,18,-1,10,0,5,-1,14,101,-25
17,-1,15,-1,7,-1,2,-1,13,100,-28
15,-1,13,-1,5,-1,1,0,12,97,-33
13,-1,12,0,4,-1,0,0,12,95,-35
11,-1,11,0,4,0,0,0,11,93,-38
9,-1,8,0,2,0,-1,0,10,92,-40
9,-1,8,0,2,0,-1,0,10,92,-40
6,-1,4,-1,0,0,-2,0,9,92,-41
4,-1,2,-1,-1,0,-4,0,8,91,-42
4,-1,2,-1,-1,0,-4,0,8,91,-42
1,-1,1,0,-2,0,-4,0,7,93,-41
1,-1,1,0,-2,0,-4,0,7,93,-41
-1,-1,-1,0,-3,0,-5,0,6,96,-41
-3,-1,-1,0,-4,0,-5,0,6,95,-41
-4,-1,-2,0,-4,0,-6,0,6,95,-42
-5,-1,-3,0,-5,0,-6,0,6,94,-43
-6,-1,-3,0,-5,0,-6,0,5,94,-44
-6,0,-3,0,-6,0,-5,0,5,94,-46
-7,0,-3,0,-5,0,-6,0,5,92,-51
-7,0,-3,0,-5,0,-5,0,5,90,-53
-8,0,-3,0,-5,0,-6,0,4,86,-56
-7,0,-3,0,-5,0,-5,0,4,82,-63
-8,0,-3,0,-4,0,-6,0,5,78,-68
-8,0,-3,0,-4,0,-6,0,5,78,-68
-6,0,-2,0,-4,0,-5,0,5,71,-73
-6,0,-2,0,-4,0,-5,0,6,68,-74
-6,0,0,0,-4,0,-5,0,8,64,-73
-5,0,-1,0,-4,0,-5,0,9,65,-73
-5,0,0,0,-3,0,-5,0,9,67,-72
-4,0,0,0,-4,0,-5,0,9,70,-69
-5,0,0,0,-4,0,-5,0,9,72,-68
-5,0,0,0,-4,0,-5,0,9,72,-68
-4,0,-1,0,-4,0,-5,0,10,77,-65
-4,0,0,0,-3,0,-5,0,10,80,-64
-4,0,0,0,-4,0,-5,0,11,82,-62
-4,0,0,0,-4,0,-5,0,11,84,-61
-4,0,1,0,-3,0,-5,0,12,85,-60
-4,0,2,0,-3,0,-5,0,12,86,-59
-4,0,2,0,-3,0,-5,0,12,87,-57
-4,0,2,0,-3,0,-5,0,12,89,-55
-4,0,2,0,-3,0,-5,0,12,89,-55
-4,0,2,0,-3,0,-5,0,12,91,-51
-4,0,2,0,-3,0,-5,0,12,92,-49
-4,0,2,0,-3,0,-5,0,13,93,-47
-4,0,2,0,-3,0,-5,0,12,93,-45
-4,0,3,0,-3,0,-5,0,12,94,-43
-4,0,3,0,-3,0,-5,0,12,96,-41
-4,0,3,0,-3,0,-5,0,13,96,-39
-4,0,2,0,-3,0,-5,0,13,96,-38
-4,0,3,0,-3,0,-5,0,13,96,-35
-4,0,3,0,-3,0,-5,0,13,95,-34
-4,0,3,0,-3,0,-5,0,13,95,-34
-5,0,2,0,-3,0,-5,0,12,97,-34
4,0,2,0,-3,0,-5,0,12,98,-34
-4,0,3,0,-3,0,-5,0,13,98,-34
-5,0,2,0,-3,0,-5,0,12,97,-35
-5,0,2,0,-3,0,-5,0,12,96,-36
-4,0,3,0,-3,0,-5,0,12,95,-37
-4,0,2,0,-3,0,-5,0,11,95,-39
-5,0,2,0,-3,0,-5,0,11,95,-40
-5,0,2,0,-3,0,-5,0,11,94,-41
-5,0,2,0,-3,0,-5,0,11,94,-41
-5,0,2,0,-3,0,-5,0,12,93,-44
-5,0,2,0,-3,0,-5,0,12,91,-45
-5,0,2,0,-2,0,-5,0,12,88,-49
-6,0,2,0,-3,0,-5,0,13,88,-51
-6,0,2,0,-3,0,-5,0,13,88,-53
-6,0,2,0,-3,0,-5,0,13,87,-55
-5,0,2,0,-3,0,-5,0,13,86,-56
-6,0,2,0,-3,0,-5,0,13,84,-58
-6,0,2,0,-2,0,-5,0,13,84,-59
-6,0,2,0,-2,0,-5,0,13,83,-59
-5,0,2,0,-3,0,-5,0,13,83,-60
-6,0,2,0,-3,0,-5,0,13,83,-60
-5,0,2,0,-3,0,-5,0,13,83,-59
-5,0,2,0,-2,0,-4,0,13,83,-59
-4,0,3,0,-2,0,-5,0,13,83,-60
-4,0,3,0,-2,0,-4,0,13,83,-59
-3,0,3,0,-2,0,-4,0,13,83,-59
-3,0,3,0,-2,0,-4,0,13,84,-59
-3,0,3,0,-2,0,-4,0,13,84,-59
-4,0,3,0,-2,0,-5,0,13,86,-55
-3,0,3,0,-2,0,-5,0,13,87,-54
-3,0,4,0,-2,0,-4,0,13,88,-52
-3,0,4,0,-2,0,-5,0,12,89,-50
-4,0,4,0,-2,0,-4,0,12,90,-48
-3,0,4,0,-2,0,-4,0,12,91,-46
-4,0,4,0,-2,0,-5,0,11,93,-42
-4,0,4,0,-2,0,-4,0,10,94,-40
-4,0,4,0,-2,0,-4,0,10,95,-38
-4,0,4,0,-2,0,-4,0,9,96,-36
-4,0,4,0,-2,0,-4,0,9,96,-34
-4,0,4,0,-2,0,-5,0,9,97,-31
-4,0,4,0,-2,0,-4,0,9,98,-30
-4,0,4,0,-2,0,-4,0,9,98,-30
-4,0,4,0,-2,0,-4,0,9,99,-29
-5,0,4,0,-2,0,-4,0,9,99,-29
-4,0,4,0,-2,0,-5,0,9,98,-29
-4,0,4,0,-2,0,-5,0,9,98,-30
-4,0,4,0,-2,0,-4,0,9,97,-31
-4,0,4,0,-2,0,-4,0,9,96,-33
-4,0,4,0,-2,0,-5,0,9,95,-34
-4,0,4,0,-2,0,-4,0,10,92,-38
-4,0,3,0,-2,0,-5,0,10,90,-40
-4,0,4,0,-2,0,-4,0,11,88,-42
-5,0,4,0,-2,0,-5,0,11,86,-43
-4,0,4,0,-2,0,-4,0,11,83,-44
-5,0,4,0,-2,0,-4,0,12,81,-46
-4,0,3,0,-2,0,-4,0,12,81,-47
-5,0,4,0,-2,0,-5,0,13,81,-48
-5,0,4,0,-1,0,-5,0,14,82,-49
-4,0,3,0,-2,0,-4,0,14,82,-50
-5,0,3,0,-2,0,-5,0,16,83,-51
-5,0,4,0,-2,0,-4,0,18,85,-53
-5,0,4,0,-2,0,-4,0,19,86,-54
-5,0,3,0,-2,0,-4,0,20,87,-55
-6,0,4,0,-2,0,-4,0,20,88,-55
-5,0,4,0,-2,0,-4,0,21,89,-56
-6,0,4,0,-2,0,-4,0,22,89,-57
-6,0,4,0,-2,0,-4,0,22,89,-57
-5,0,3,0,-2,0,-4,0,24,90,-59
-6,0,3,0,-2,0,-5,0,24,90,-60
-6,0,3,0,-2,0,-5,0,24,90,-60
-5,0,4,0,-2,0,-5,0,24,91,-63
-6,0,4,0,-2,0,-4,0,24,92,-65
-6,0,4,0,-2,0,-5,0,25,93,-67
-6,0,4,0,-2,0,-4,0,25,93,-67
-5,0,4,0,-2,0,-4,0,25,94,-68
-5,0,4,0,-2,0,-4,0,25,94,-68
-5,0,4,0,-1,0,-4,0,24,92,-68
-5,0,4,0,-1,0,-4,0,24,92,-68
-4,0,4,0,-2,0,-3,0,23,91,-66
-4,0,4,0,-1,0,-4,0,21,90,-62
-4,0,4,0,-2,0,-4,0,19,89,-59
-4,0,4,0,-1,0,-3,0,18,87,-57
-3,0,5,0,-1,0,-3,0,16,85,-55
-3,0,5,0,-1,0,-3,0,12,83,-50
-2,0,5,0,0,0,-3,0,8,81,-46
-2,0,5,0,0,0,-3,0,8,81,-46
-3,0,5,0,0,0,-3,0,5,78,-42
-3,0,5,0,-1,0,-3,0,4,77,-40
-3,0,5,0,0,0,-3,0,2,76,-38
-3,0,5,0,0,0,-3,0,1,76,-37
-3,0,5,0,-1,0,-3,0,0,76,-35
-3,0,6,0,0,0,-3,0,0,77,-35
-4,0,6,0,0,0,-3,0,0,78,-35
-4,0,5,0,0,0,-3,0,0,80,-35
-4,0,6,0,-1,0,-2,0,0,83,-36
-4,0,6,0,-1,0,-2,0,0,83,-36
-4,0,5,0,0,0,-3,0,1,86,-38
-3,0,5,0,0,0,-3,0,2,88,-39
-4,0,5,0,-1,0,-2,0,3,89,-41
-4,0,5,0,0,0,-3,0,5,90,-43
-4,0,5,0,-1,0,-3,0,6,90,-45
-4,0,5,0,-1,0,-3,0,7,90,-46
-4,0,5,0,-1,0,-3,0,10,89,-49
-4,0,5,0,-1,0,-3,0,10,89,-49
-4,0,5,0,0,0,-3,0,13,89,-49
-4,0,4,0,-1,0,-3,0,15,89,-50
-4,0,4,0,-1,0,-3,0,15,89,-50
-5,0,5,0,-1,0,-3,0,21,89,-55
-5,0,4,0,-1,0,-3,0,23,89,-57
-5,0,4,0,-1,0,-3,0,28,88,-60
-5,0,4,0,-1,0,-3,0,30,88,-61
-5,0,4,0,-1,0,-3,0,32,88,-63
-5,0,4,0,-1,0,-3,0,33,89,-65
-5,0,4,0,-1,0,-3,0,34,90,-69
-5,0,4,0,-1,0,-3,0,34,90,-69
-5,0,4,0,0,0,-3,0,34,89,-69
-5,0,4,0,-1,0,-3,0,33,89,-67
-4,0,4,0,-1,0,-3,0,32,90,-66
5,0,4,0,-1,0,-2,0,29,91,-65
-4,0,4,0,-1,0,-3,0,26,91,-64
-4,0,5,0,0,0,-3,0,24,90,-62
-5,0,4,0,0,0,-2,0,22,89,-60
-5,0,5,0,-1,0,-2,0,17,86,-55
-5,0,4,0,-1,0,-2,0,15,86,-53
-5,0,4,0,-1,0,-2,0,15,86,-53
-4,0,4,0,0,0,-2,0,11,83,-49
-5,0,5,0,0,0,-2,0,9,82,-47
-4,0,4,0,-1,0,-2,0,7,81,-46
-5,0,4,0,0,0,-2,0,4,79,-43
-5,0,5,0,0,0,-2,0,3,78,-42
-5,0,4,0,0,0,-2,0,2,78,-40
-5,0,4,0,0,0,-2,0,2,78,-40
-6,0,4,0,0,0,-2,0,1,81,-40
-5,0,4,0,0,0,-2,0,0,82,-40
-5,0,4,0,0,0,-2,0,0,84,-40
-6,0,4,0,-1,0,-2,0,0,86,-40
-6,0,4,0,-1,0,-2,0,0,86,-40
-5,0,4,0,-1,0,-2,0,0,89,-40
-5,0,4,0,-1,0,-2,0,0,89,-40
-6,0,4,0,-1,0,-2,0,0,93,-40
-6,0,4,0,-1,0,-2,0,0,95,-40
-6,0,3,0,-1,0,-2,0,0,95,-39
-8,0,-2,-1,-1,0,-2,0,0,96,-38
-9,0,-5,-1,-2,0,-2,0,0,96,-38
-10,0,-9,-2,-2,0,-1,0,0,97,-38
-12,-1,-13,-2,-3,0,-1,0,0,98,-37
-13,-1,-16,-2,-3,0,0,0,-1,98,-36
-15,-1,-19,-2,-4,0,0,0,0,99,-34
-17,-1,-22,-2,-4,0,0,0,0,100,-32
-19,-1,-25,-1,-4,0,0,0,0,103,-28
-21,0,-25,0,-4,0,0,0,1,106,-22
1,0,-25,0,-4,0,-1,0,2,106,-19
1,0,-25,0,-4,0,-1,0,2,106,-19
-20,0,-23,0,-3,0,-1,0,4,109,-11
-20,0,-22,0,-3,0,-2,0,6,111,-8
-19,0,-21,0,-2,0,-2,0,7,111,-5
-19,0,-19,0,-3,0,-2,0,9,110,-2
-19,0,-18,1,-3,0,-2,0,11,110,0
-19,0,-15,1,-2,0,-2,0,14,108,3
-18,0,-14,1,-2,0,-3,0,17,107,4
-18,0,-14,1,-2,0,-2,0,19,106,5
-18,0,-14,0,-2,0,-2,0,21,105,5
-18,0,-14,0,-2,0,-2,0,23,103,5
-18,0,-14,0,-2,0,-2,0,23,103,5
-17,0,-8,0,-2,0,-3,0,26,95,-2
-17,0,-6,1,-3,0,-3,0,26,92,-6
-17,0,-6,1,-3,0,-3,0,26,92,-6
-16,0,-1,1,-3,0,-3,0,25,85,-21
-16,0,0,1,-3,0,-3,0,24,83,-29
-17,0,2,1,-2,0,-3,0,21,80,-46
-17,0,2,1,-2,0,-3,0,21,80,-46
-17,0,2,0,-2,0,-3,0,18,81,-59
-17,0,1,0,-2,0,-3,0,17,83,-59
-18,0,2,0,-3,0,-3,0,17,85,-58
-18,0,2,0,-2,0,-3,0,17,88,-55
-17,0,2,0,-2,0,-3,0,16,90,-52
-17,0,2,0,-3,0,-3,0,16,92,-47
-17,0,2,0,-2,0,-3,0,15,93,-37
-17,0,1,0,-2,0,-3,0,14,93,-32
-18,0,1,0,-2,0,-3,0,13,94,-29
-17,0,0,0,-2,0,-3,0,13,93,-26
-17,0,0,0,-2,0,-3,0,13,93,-26
-17,0,0,0,-3,0,-3,0,13,94,-23
-17,0,1,0,-3,0,-3,0,12,95,-21
-17,0,0,0,-3,0,-3,0,11,97,-18
-17,0,1,0,-3,0,-3,0,11,98,-16
-16,0,1,0,-3,0,-3,0,11,98,-14
-16,0,1,0,-2,0,-3,0,10,99,-11
-16,0,1,0,-3,0,-2,0,9,100,-8
-16,0,1,0,-2,0,-2,0,8,101,-6
-15,0,1,0,-2,0,-2,0,6,105,-4
-15,0,1,0,-2,0,-1,0,6,106,-2
-14,0,1,0,-2,0,-1,0,5,107,-1
-13,0,2,0,-2,0,-1,0,5,107,0
-13,0,2,0,-2,0,-1,0,5,107,1
-13,0,2,0,-1,0,-1,0,4,108,2
-13,0,2,0,-1,0,-1,0,5,109,3
-13,0,3,0,-1,0,-2,0,5,110,4
-12,0,3,0,-1,0,-1,0,6,111,5
-12,0,3,0,-1,0,0,0,7,111,6
-13,0,4,0,0,0,-1,0,8,111,7
-13,0,4,0,0,0,0,0,9,110,9
-13,0,4,0,0,0,0,0,11,109,10
-13,0,5,0,0,0,0,0,13,108,11
-13,0,4,0,0,0,0,0,14,108,13
-13,0,4,0,0,0,0,0,16,107,14
-13,0,4,0,0,0,1,0,18,105,16
-13,0,4,0,0,0,1,0,20,103,17
-13,0,4,0,0,0,1,0,22,100,18
-13,0,4,0,1,0,1,0,23,98,20
-13,0,4,0,1,0,1,0,26,92,21
-13,0,4,0,0,0,1,0,28,90,22
-13,0,4,0,0,0,1,0,30,87,21
-13,0,5,0,0,0,1,0,32,83,15
-13,0,5,0,-1,0,1,0,33,84,9
-13,0,4,0,0,0,0,0,33,85,4
-13,0,5,0,-1,0,0,0,33,87,-2
-13,0,5,0,-1,0,0,0,32,92,-18
-14,0,6,0,-1,0,0,0,31,94,-25
-14,0,6,0,-1,0,0,0,29,96,-32
-14,0,6,0,-1,0,0,0,28,98,-36
-14,0,6,0,-1,0,-1,0,25,99,-40
-14,0,6,0,-1,0,-1,0,23,99,-39
-14,0,6,0,-1,0,-1,0,22,99,-38
-14,0,5,0,-1,0,-1,0,21,98,-35
-14,0,5,0,-1,0,-1,0,20,96,-32
-14,0,5,0,-1,0,-1,0,19,95,-28
-14,0,5,0,-1,0,-1,0,19,94,-25
-15,0,5,0,-1,0,-1,0,18,94,-20
-14,0,5,0,-1,0,-1,0,18,94,-18
-15,0,5,0,-1,0,-1,0,17,95,-17
-15,0,5,0,-1,0,-2,0,16,96,-16
-15,0,5,0,-1,0,-1,0,16,97,-15
-15,0,5,0,-1,0,-1,0,15,98,-14
-15,0,4,0,-1,0,-1,0,14,99,-14
-15,0,4,0,-1,0,-1,0,12,99,-14
-15,0,4,0,-1,0,-1,0,11,100,-14
-15,0,4,0,-1,0,-1,0,10,101,-13
-15,0,4,0,-1,0,-1,0,8,103,-13
-15,0,4,0,-1,0,-1,0,8,103,-13
-15,0,3,0,-1,0,-1,0,5,105,-12
-15,0,4,0,-1,0,-1,0,5,105,-13
-15,0,3,0,-1,0,-1,0,4,105,-12
-15,0,4,0,-1,0,-1,0,4,105,-12
-15,0,3,0,0,0,-1,0,4,105,-12
-14,0,3,0,-1,0,-1,0,3,104,-12
-15,0,4,0,-1,0,-1,0,3,104,-13
-15,0,4,0,-1,0,-1,0,2,103,-13
-15,0,4,0,0,0,-1,0,1,103,-13
-15,0,4,0,0,0,-1,0,1,103,-13
-15,0,4,0,-1,0,-1,0,1,102,-13
-15,0,3,0,-1,0,-1,0,1,102,-13
-15,0,3,0,0,0,-1,0,0,101,-13
-15,0,4,0,-1,0,-2,0,0,101,-13
-15,0,4,0,-1,0,-1,0,0,102,-13
-15,0,4,0,0,0,-1,0,0,102,-12
-15,0,4,0,-1,0,-2,0,0,102,-12
-15,0,4,0,0,0,-1,0,0,101,-11
-15,0,4,0,0,0,-1,0,0,102,-11
-14,0,4,0,0,0,-1,0,0,102,-12
-15,0,4,0,0,0,-1,0,0,103,-12
-15,0,4,0,-1,0,-1,0,0,103,-11
-15,0,4,0,-1,0,-1,0,0,103,-11
-15,0,4,0,0,0,-1,0,0,103,-11
-15,0,4,0,0,0,-1,0,0,103,-11
-15,0,4,0,-1,0,-1,0,0,103,-11
-15,0,4,0,0,0,-1,0,0,103,-11
-15,0,4,0,-1,0,-2,0,0,103,-11
-15,0,4,0,-1,0,-2,0,0,103,-10
-15,0,4,0,-1,0,-2,0,0,103,-10
-15,0,4,0,-1,0,-1,0,0,103,-10
-15,0,4,0,-1,0,-2,0,1,103,-10
-15,0,4,0,-1,0,-1,0,1,103,-10
-15,0,4,0,-1,0,-2,0,1,103,-10
-15,0,3,0,0,0,-2,0,1,104,-10
-15,0,4,0,-1,0,-1,0,1,104,-9
-15,0,4,0,-1,0,-1,0,1,104,-9
-15,0,3,0,0,0,-1,0,1,104,-9
-15,0,4,0,-1,0,-1,0,1,104,-9
-15,0,4,0,-1,0,-1,0,1,104,-9
-15,0,4,0,0,0,-2,0,1,104,-9
-15,0,4,0,-1,0,-1,0,1,104,-9
-15,0,4,0,0,0,-1,0,1,103,-8
-15,0,4,0,0,0,-2,0,1,103,-8
-15,0,4,0,0,0,-2,0,1,103,-9
-15,0,4,0,0,0,-1,0,1,103,-9
-15,0,4,0,0,0,-1,0,1,103,-9
-15,0,3,0,-1,0,-1,0,1,103,-9
-16,0,4,0,0,0,-1,0,1,103,-9
-16,0,3,0,-1,0,-1,0,1,103,-9
-16,0,3,0,-1,0,-1,0,1,103,-9
-17,0,2,0,0,0,-1,0,1,103,-9
-17,0,2,0,-1,0,-2,0,1,103,-9
-17,0,2,0,-1,0,-2,0,1,103,-9
-17,0,2,0,-1,0,-2,0,1,103,-9
-17,0,1,0,0,0,-1,0,1,103,-9
-18,0,1,0,-1,0,-2,0,1,103,-9
-17,0,0,0,-1,0,-2,0,1,104,-9
-17,0,0,0,-1,0,-2,0,1,104,-9
-18,0,-1,0,-1,0,-2,0,2,103,-9
-18,0,-2,0,-1,0,-2,0,2,103,-9
-18,0,-2,0,-1,0,-2,0,2,103,-9
-18,0,-3,0,-1,0,-3,0,2,103,-9
-19,0,-7,-1,-2,0,-4,0,2,103,-9
-19,0,-8,-1,-3,0,-4,0,2,103,-9
-19,0,-10,-1,-3,0,-4,0,2,102,-9
-20,0,-11,-1,-3,0,-5,0,2,103,-9
-20,0,-13,-1,-4,0,-5,0,2,103,-9
-21,0,-16,-1,-5,0,-5,0,2,103,-9
-21,0,-19,-1,-6,0,-5,0,2,103,-9
-22,0,-22,-2,-8,-1,-6,0,2,103,-9
-22,0,-26,-2,-10,-1,-6,0,2,103,-9
-23,0,-30,-2,-14,-1,-6,0,2,104,-9
-25,0,-39,-3,-20,-2,-7,0,2,104,-9
-26,0,-43,-3,-20,-2,-6,0,2,104,-9
-28,-1,-47,-3,-22,-2,-7,0,2,104,-9
-30,-1,-51,-3,-23,-1,-7,0,1,104,-9
-32,-1,-54,-3,-24,0,-7,0,1,104,-9
-34,-1,-56,-2,-25,-1,-8,0,2,103,-9
-39,-1,-60,-2,-26,0,-8,0,2,103,-8
-41,-1,-62,-1,-27,0,-9,0,2,103,-8
-45,-1,-64,-1,-27,0,-9,0,2,103,-7
-48,-1,-65,-1,-27,0,-9,0,2,103,-7
-49,-1,-65,-1,-28,0,-9,0,2,103,-7
-51,-1,-67,0,-28,0,-9,0,2,103,-7
-53,-1,-67,0,-28,0,-9,0,2,103,-7
-55,-1,-68,0,-29,0,-10,0,2,103,-7
-56,-1,-69,0,-29,0,-9,0,2,103,-8
-56,-1,-69,0,-29,0,-9,0,2,103,-8
-58,-1,-69,0,-29,0,-10,0,2,103,-8
-59,0,-70,0,-30,0,-10,0,2,103,-8
-60,0,-70,0,-30,0,-10,0,2,103,-8
-61,0,-71,0,-29,0,-10,0,2,103,-8
-61,0,-71,0,-30,0,-11,0,2,103,-8
-62,0,-71,0,-30,0,-11,0,2,103,-9
-62,0,-71,0,-30,0,-10,0,2,103,-9
-62,0,-71,0,-31,0,-10,0,2,103,-9
-62,0,-71,0,-31,0,-10,0,2,103,-9
-63,0,-72,0,-31,0,-10,0,3,103,-8
-64,0,-72,0,-31,0,-11,0,3,104,-8
-64,0,-73,0,-31,0,-10,0,3,103,-8
-64,0,-73,0,-31,0,-10,0,3,103,-8
-65,0,-73,0,-31,0,-10,0,3,103,-8
-64,0,-73,0,-31,0,-11,0,3,104,-8
-65,0,-73,0,-31,0,-11,0,3,103,-7
-65,0,-73,0,-32,0,-11,0,3,103,-7
-66,0,-74,0,-32,0,-11,0,3,103,-7
-66,0,-74,0,-32,0,-11,0,4,104,-7
-66,0,-74,0,-32,0,-11,0,4,104,-7
-66,0,-74,0,-32,0,-11,0,4,104,-7
-66,0,-74,0,-32,0,-11,0,4,104,-6
-66,0,-74,0,-32,0,-12,0,4,104,-6
-66,0,-74,0,-32,0,-12,0,4,104,-6
-67,0,-75,0,-32,0,-13,0,4,104,-6
-67,0,-74,0,-32,0,-12,0,4,104,-7
-67,0,-75,0,-32,0,-13,0,4,104,-7
-67,0,-74,0,-32,0,-12,0,4,103,-7
-67,0,-74,0,-32,0,-12,0,4,103,-7
-67,0,-75,0,-32,0,-13,0,5,103,-7
-67,0,-74,0,-32,0,-12,0,5,103,-7
-67,0,-74,0,-32,0,-13,0,5,103,-7
-67,0,-74,0,-32,0,-13,0,6,102,-7
-68,0,-74,0,-33,0,-13,0,6,103,-7
-67,0,-74,0,-32,0,-13,0,6,103,-7
-67,0,-73,0,-32,0,-13,0,7,103,-7
-68,0,-73,0,-32,0,-13,0,7,103,-7
-68,0,-73,0,-32,0,-13,0,7,103,-8
-68,0,-73,0,-32,0,-13,0,7,103,-8
-68,0,-71,0,-32,0,-14,0,7,103,-9
-68,0,-72,0,-31,0,-14,0,7,103,-9
-68,0,-71,0,-32,0,-14,0,7,103,-9
-68,0,-70,0,-32,0,-15,0,7,103,-10
-68,0,-69,0,-31,0,-14,0,7,103,-9
-67,0,-67,0,-32,0,-14,0,7,103,-9
-67,0,-67,0,-32,0,-14,0,7,103,-9
-68,0,-66,0,-31,0,-14,0,7,103,-9
-67,0,-65,0,-30,0,-14,0,7,103,-9
-67,0,-63,0,-31,0,-14,0,8,103,-9
-67,0,-62,0,-30,0,-14,0,7,103,-9
-67,0,-62,0,-30,0,-14,0,7,103,-9
-67,0,-61,0,-31,0,-15,0,8,102,-9
-67,0,-60,0,-30,0,-15,0,8,102,-9
-66,0,-58,0,-30,0,-15,0,8,102,-9
-66,0,-57,0,-29,0,-15,0,7,103,-10
-66,0,-57,0,-29,0,-15,0,7,103,-10
-66,0,-56,0,-29,0,-15,0,7,103,-11
-66,0,-56,0,-29,0,-15,0,7,103,-11
-66,0,-55,0,-29,0,-14,0,7,103,-11
-65,0,-54,0,-29,0,-15,0,7,102,-10
-65,0,-53,0,-28,0,-15,0,7,103,-10
-64,0,-52,0,-28,0,-15,0,7,103,-11
-64,0,-51,0,-28,0,-15,0,7,103,-11
-64,0,-49,0,-27,0,-15,0,7,103,-10
-63,0,-47,1,-26,0,-15,0,7,103,-10
-61,0,-40,1,-25,0,-15,0,7,103,-10
-60,0,-37,1,-23,0,-15,0,7,103,-11
-59,0,-32,3,-22,0,-15,0,6,103,-11
-58,0,-29,2,-20,1,-15,0,6,102,-11
-57,0,-26,2,-19,1,-16,0,6,102,-11
-57,0,-23,2,-17,1,-16,0,6,102,-11
-55,0,-18,2,-17,1,-16,0,6,102,-11
-55,0,-15,2,-16,0,-16,0,6,103,-11
-54,0,-11,3,-14,1,-16,0,6,103,-11
-52,1,-7,3,-13,0,-16,0,6,103,-11
-52,0,-3,3,-12,1,-16,0,6,103,-11
-50,1,0,3,-12,1,-16,0,6,103,-11
-48,1,2,2,-11,0,-16,0,6,103,-11
-46,1,5,2,-10,0,-16,0,5,103,-11
-43,1,7,2,-9,0,-17,0,5,103,-11
-41,1,9,1,-8,0,-17,0,5,103,-12
-34,2,12,1,-5,1,-17,0,5,102,-12
-31,2,12,1,-4,1,-16,0,5,102,-12
-29,2,13,0,-4,0,-16,0,5,102,-12
-26,2,14,0,-3,0,-16,0,5,102,-12
-24,2,15,0,-3,0,-16,0,5,102,-12
-21,2,16,0,-2,0,-16,0,5,102,-12
-18,2,16,0,-1,0,-15,0,5,102,-12
-14,2,18,0,0,0,-15,0,5,102,-12
-7,2,22,1,2,0,-14,0,5,103,-12
-4,2,24,1,3,0,-14,0,5,102,-12
-1,2,25,1,5,1,-13,0,5,102,-12
3,2,27,1,6,1,-12,0,5,102,-12
7,2,29,1,6,0,-11,0,5,102,-12
10,2,32,1,7,0,-11,0,4,103,-13
13,2,33,1,8,0,-11,0,4,103,-13
16,2,35,1,8,0,-10,0,4,103,-13
18,2,37,1,10,0,-10,0,4,103,-13
23,2,41,1,12,0,-9,0,4,103,-13
27,1,45,1,14,0,-8,0,4,103,-13
30,2,46,1,15,1,-7,0,4,103,-13
33,1,50,1,17,0,-6,0,4,102,-14
35,1,51,1,18,0,-5,0,4,103,-14
37,1,52,1,19,0,-4,0,4,103,-13
39,1,54,1,20,0,-4,0,4,103,-13
39,1,54,1,20,0,-4,0,4,103,-13
47,1,59,1,24,0,1,1,4,102,-14
49,1,61,1,25,0,2,1,3,102,-14
54,2,65,1,28,1,3,0,3,103,-14
55,1,68,1,29,1,4,0,3,103,-14
56,1,69,1,30,1,5,0,3,102,-14
59,1,73,1,33,1,7,0,3,102,-14
59,1,73,1,33,1,7,0,3,102,-14
64,1,79,2,36,1,10,1,3,103,-14
68,2,82,2,37,1,12,1,3,103,-13
73,2,85,2,38,1,14,1,3,103,-13
77,3,87,2,40,1,16,1,3,102,-13
77,3,87,2,40,1,16,1,3,102,-13
85,3,93,2,42,1,21,1,3,102,-13
85,3,93,2,42,1,21,1,3,102,-13
88,2,96,1,45,1,27,2,3,102,-13
90,1,98,1,45,0,29,2,3,103,-14
92,1,99,1,47,0,31,2,3,103,-14
92,1,100,1,47,0,33,1,2,103,-14
94,1,100,0,48,0,34,1,2,103,-14
95,1,100,0,48,0,34,1,2,103,-14
96,0,101,0,49,0,35,0,2,103,-14
97,0,103,0,50,0,36,0,2,102,-14
98,0,102,0,50,0,36,0,2,102,-14
98,0,103,0,50,0,36,0,2,102,-14
99,0,103,0,50,0,37,0,2,102,-14
99,0,104,0,50,0,37,0,2,102,-14
100,0,104,0,50,0,36,0,2,102,-14
101,0,106,0,51,0,37,0,2,101,-14
102,0,106,0,51,0,37,0,2,102,-15
102,0,106,0,51,0,38,0,2,102,-15
102,0,106,0,51,0,37,0,2,102,-15
103,0,107,0,51,0,38,0,2,102,-15
102,0,107,0,51,0,38,0,2,103,-14
102,0,107,0,51,0,38,0,2,103,-14
103,0,108,0,52,0,40,0,2,103,-14
105,0,109,0,53,0,43,1,1,104,-14
105,0,109,0,53,0,43,1,1,104,-14
106,0,110,0,54,0,45,1,1,104,-14
106,0,109,0,54,0,45,1,1,103,-14
106,0,109,0,55,0,45,0,1,103,-14
106,0,109,0,54,0,46,0,1,103,-14
108,0,111,0,56,0,48,0,1,102,-14
108,0,111,0,56,0,48,0,1,102,-14
110,0,113,0,56,0,51,1,1,102,-14
111,0,114,0,57,0,52,1,1,102,-14
111,0,114,0,57,0,52,0,1,102,-13
111,0,114,0,57,0,52,0,1,102,-13
114,0,117,0,60,0,58,0,1,102,-14
117,1,120,1,61,0,62,2,1,103,-14
119,1,121,1,63,1,65,2,1,103,-14
121,1,122,1,65,1,68,2,1,103,-14
123,1,123,1,66,1,70,2,1,103,-14
124,1,125,1,67,1,73,2,1,103,-14
128,1,128,1,68,0,77,1,1,103,-14
128,1,128,1,68,0,77,1,1,103,-14
130,1,129,0,72,1,83,2,1,103,-14
131,1,130,0,73,1,86,2,1,103,-14
133,0,131,0,76,1,90,2,1,103,-15
133,0,131,0,76,1,90,2,1,103,-15
134,0,133,0,79,1,92,1,1,103,-14
135,0,133,0,79,1,94,1,1,103,-14
135,0,133,0,80,0,95,1,1,102,-15
136,0,134,0,80,0,97,1,1,102,-14
138,0,134,0,82,0,101,1,0,102,-14
140,0,136,0,85,0,107,1,0,102,-14
141,0,136,0,86,0,109,1,0,102,-14
142,0,136,0,86,0,110,1,0,102,-14
142,0,137,0,87,0,110,1,0,102,-14
142,0,137,0,87,0,112,1,0,102,-14
144,0,138,0,88,0,114,0,0,102,-15
145,0,139,0,90,0,117,1,0,103,-15
145,0,139,0,91,0,118,1,0,103,-15
146,0,139,0,91,0,119,1,0,103,-15
146,0,140,0,93,0,122,1,0,103,-15
147,0,140,0,93,0,123,1,0,103,-15
148,0,141,0,93,0,125,1,0,102,-15
149,0,141,0,94,0,126,0,0,102,-15
149,0,141,0,95,0,127,0,0,102,-14
149,0,142,0,96,0,129,0,0,102,-15
149,0,142,0,96,0,131,1,0,102,-14
151,0,142,0,98,0,132,1,0,103,-14
150,0,143,0,98,0,134,1,0,103,-14
151,0,143,0,98,0,134,1,0,103,-14
152,0,144,0,99,0,135,1,0,103,-14
153,0,144,0,100,0,136,0,0,103,-14
153,0,144,0,100,0,136,0,0,103,-14
153,0,144,0,100,0,137,0,0,102,-14
153,0,144,0,101,0,138,0,0,102,-14
153,0,144,0,102,0,140,0,0,102,-14
152,0,144,0,102,0,141,0,0,102,-15
153,0,144,0,102,0,141,0,0,102,-15
153,0,144,0,103,0,143,0,0,102,-15
153,0,145,0,104,0,144,0,0,103,-15
154,0,144,0,105,0,145,0,0,103,-15
154,0,145,0,105,0,146,0,0,103,-15
155,0,145,0,105,0,146,0,0,103,-15
155,0,145,0,106,0,147,0,0,103,-15
156,0,145,0,107,0,149,0,0,103,-15
156,0,146,0,108,0,152,1,0,103,-15
157,0,147,0,108,0,153,0,0,103,-15
158,0,147,0,110,0,154,0,0,102,-15
158,0,148,0,110,0,156,0,0,102,-15
158,0,148,0,110,0,156,0,0,102,-15
158,0,148,0,111,0,157,0,0,102,-15
158,0,148,0,112,0,158,0,-1,102,-15
158,0,149,0,112,0,160,0,-1,103,-15
159,0,149,0,114,0,161,1,-1,103,-15
159,0,149,0,115,0,163,1,-1,102,-15
160,0,150,0,116,0,164,0,-1,102,-15
160,0,150,0,116,0,165,0,-1,102,-16
161,0,150,0,117,0,165,0,-1,103,-16
161,0,150,0,118,0,166,0,-1,103,-16
161,0,151,0,118,0,167,0,-1,103,-16
161,0,151,0,119,0,168,0,-1,103,-16
161,0,152,0,120,0,169,0,0,103,-16
162,0,152,0,120,0,169,0,0,102,-16
162,0,151,0,120,0,169,0,0,102,-16
162,0,151,0,118,0,168,0,0,102,-16
162,0,151,0,118,0,168,0,0,102,-16
162,0,151,0,120,0,168,0,0,102,-16
162,0,152,0,120,0,169,0,0,102,-16
162,0,152,0,120,0,170,0,0,102,-16
162,0,152,0,120,0,170,0,0,102,-16
161,0,152,0,120,0,169,0,0,102,-16
161,0,151,0,119,0,169,0,0,102,-16
161,0,152,0,119,0,169,0,0,103,-16
162,0,151,0,118,0,167,0,0,102,-16
161,0,151,0,119,0,168,0,0,102,-15
161,0,151,0,119,0,167,0,0,102,-15
160,0,151,0,118,0,167,0,0,102,-16
161,0,151,0,119,0,167,0,0,102,-16
161,0,151,0,119,0,167,0,0,102,-16
161,0,151,0,117,0,167,0,0,103,-16
161,0,151,0,118,0,167,0,0,102,-16
160,0,151,0,118,0,167,0,0,102,-16
160,0,151,0,118,0,166,0,-1,102,-16
160,0,150,0,118,0,166,0,-1,103,-16
160,0,150,0,117,0,165,0,0,102,-16
160,0,150,0,117,0,165,0,0,102,-16
160,0,149,0,117,0,165,0,0,102,-16
160,0,150,0,117,0,165,0,0,102,-16
159,0,149,0,116,0,165,0,0,103,-16
158,0,149,0,116,0,164,0,0,102,-15
158,0,149,0,116,0,164,0,0,102,-15
159,0,148,0,114,0,164,0,0,102,-16
159,0,148,0,114,0,163,0,0,102,-16
159,0,148,0,115,0,163,0,0,102,-16
158,0,148,0,114,0,163,0,0,102,-16
158,0,147,0,114,0,163,0,0,102,-16
158,0,147,0,114,0,163,0,0,102,-16
158,0,147,0,113,0,162,0,0,102,-16
158,0,147,0,112,0,162,0,0,102,-16
158,0,147,0,112,0,162,0,0,103,-16
158,0,147,0,113,0,162,0,0,103,-15
158,0,147,0,113,0,162,0,0,103,-15
158,0,147,0,113,0,161,0,0,102,-15
158,0,147,0,112,0,161,0,0,103,-15
158,0,147,0,112,0,161,0,0,103,-14
158,0,146,0,112,0,161,0,0,103,-14
159,0,146,0,112,0,160,0,0,102,-14
158,0,146,0,111,0,160,0,0,102,-14
159,0,146,0,112,0,160,0,0,102,-14
158,0,146,0,111,0,159,0,0,103,-14
158,0,145,0,111,0,160,0,0,103,-14
158,0,146,0,111,0,159,0,0,103,-14
157,0,145,0,111,0,159,0,0,102,-14
155,0,145,0,110,0,158,0,0,102,-14
145,-2,145,0,110,0,158,0,0,103,-15
145,-2,145,0,110,0,158,0,0,103,-15
122,-6,145,0,109,0,157,0,0,102,-14
114,-8,144,0,109,0,157,0,0,102,-14
96,-7,144,0,109,0,157,0,0,102,-14
96,-7,144,0,109,0,157,0,0,102,-14
80,-6,144,0,108,0,157,0,0,102,-14
74,-6,144,0,108,0,157,0,0,103,-14
70,-5,144,0,108,0,157,0,0,103,-14
62,-3,144,0,108,0,157,0,0,103,-14
62,-3,144,0,108,0,157,0,0,103,-14
54,-3,144,0,108,0,156,0,0,103,-14
49,-3,144,0,108,0,156,0,0,103,-14
39,-3,143,0,108,0,156,0,0,102,-14
34,-4,143,0,108,0,156,0,0,102,-14
29,-4,143,0,107,0,156,0,0,102,-14
26,-3,143,0,108,0,155,0,0,102,-14
22,-3,143,0,107,0,155,0,0,102,-14
22,-3,143,0,107,0,155,0,0,102,-14
14,-3,143,0,107,0,155,0,0,102,-14
6,-2,143,0,107,0,155,0,0,103,-14
4,-2,143,0,107,0,154,0,0,103,-14
3,-1,142,0,107,0,154,0,0,103,-14
2,-1,142,0,106,0,154,0,0,103,-15
0,-1,142,0,106,0,154,0,0,103,-15
-2,-1,141,0,106,0,153,0,0,103,-15
-2,0,141,0,106,0,153,0,0,103,-15
-4,0,139,0,106,0,153,0,1,103,-15
-5,0,138,0,106,0,154,0,1,103,-15
-6,0,138,0,105,0,155,0,1,103,-14
-7,0,136,0,105,0,155,0,1,102,-14
-7,0,136,0,105,0,155,0,1,102,-14
-10,0,134,0,104,0,157,0,1,102,-14
-11,0,132,0,104,0,157,0,1,102,-14
-13,-1,131,0,104,0,158,0,1,102,-14
-16,-1,129,-1,104,0,159,0,1,102,-14
-20,-1,112,-4,103,0,160,0,0,103,-14
3,-2,104,-5,102,0,161,0,0,103,-15
-25,-1,99,-5,104,0,161,0,0,103,-14
-28,-2,96,-5,102,0,161,0,0,103,-14
-32,-1,88,-3,102,0,162,0,1,103,-14
-35,-2,83,-3,102,0,163,0,1,103,-14
-35,-2,83,-3,102,0,163,0,1,103,-14
-39,-1,72,-4,101,0,163,0,0,103,-14
-41,-1,69,-3,100,0,163,0,0,103,-14
-44,-1,66,-3,99,0,163,0,0,103,-14
-44,-1,62,-3,99,0,162,0,1,103,-13
-47,-1,58,-3,99,0,162,0,1,102,-13
-47,-1,51,-3,98,0,162,0,1,102,-13
-49,-1,41,-5,97,0,162,0,1,102,-13
-50,-1,29,-6,95,0,164,0,0,102,-14
-53,-1,12,-7,94,0,165,0,0,102,-14
-54,-1,6,-7,93,0,165,0,1,102,-13
-55,-1,0,-5,91,0,165,0,1,101,-13
-55,-1,0,-5,91,0,165,0,1,101,-13
-56,0,-11,-4,85,-1,167,0,1,103,-15
-57,0,-13,-2,84,-1,167,0,1,103,-15
-58,0,-15,-2,83,-1,167,0,1,103,-15
-59,0,-20,-1,82,0,166,0,1,103,-15
-59,0,-24,-1,82,0,166,0,2,103,-15
-59,0,-28,-2,82,0,165,0,1,103,-16
-59,0,-32,-3,81,0,165,0,1,103,-16
-60,0,-36,-3,81,0,165,0,1,103,-15
-60,0,-40,-3,81,0,164,0,1,103,-15
-60,0,-43,-3,81,0,164,0,1,102,-15
-60,0,-49,-2,79,0,163,0,1,101,-15
-60,0,-52,-2,75,-1,164,0,1,101,-15
-60,0,-53,-2,66,-3,163,0,2,101,-15
-61,0,-54,-2,57,-3,163,0,2,101,-15
-61,0,-55,-1,50,-5,163,0,2,101,-15
-61,0,-57,0,42,-4,162,0,2,101,-15
-61,0,-58,0,39,-3,162,0,3,101,-15
-61,0,-58,0,36,-3,162,0,3,102,-15
-61,0,-59,0,33,-2,161,0,3,102,-15
-61,0,-59,0,31,-2,161,0,3,103,-15
-61,0,-60,0,29,-1,159,0,4,104,-15
1,0,-59,0,29,-1,159,0,4,104,-15
-61,0,-58,0,29,0,160,0,4,104,-15
-61,0,-57,0,29,0,160,0,4,104,-15
-61,0,-57,0,29,0,160,0,4,104,-15
-61,0,-55,0,29,0,159,0,4,105,-16
-61,0,-55,0,29,0,159,0,3,105,-16
-61,0,-55,0,29,0,159,0,3,105,-16
-61,0,-57,0,28,0,158,0,4,102,-14
-61,0,-58,0,28,0,157,0,4,102,-14
-61,0,-59,0,27,0,155,0,4,102,-14
-61,0,-62,-1,25,0,151,-1,4,100,-14
-61,0,-62,-1,25,0,151,-1,4,100,-14
-61,0,-63,0,22,-1,146,-1,5,99,-13
-61,0,-64,0,20,-1,144,-2,5,100,-13
-61,0,-64,0,19,-1,140,-2,5,100,-13
-61,0,-65,0,18,-1,136,-2,4,101,-13
-61,0,-65,0,16,-1,132,-2,4,102,-14
-61,0,-65,0,15,-1,131,-2,4,103,-15
-61,0,-65,0,15,0,130,-2,3,103,-15
-61,0,-65,0,15,0,129,-1,3,104,-15
-61,0,-65,0,15,0,127,-1,3,104,-15
-61,0,-66,0,14,0,125,-1,2,104,-15
-61,0,-65,0,10,-1,110,-3,2,104,-14
-62,0,-66,0,7,-1,97,-6,2,104,-14
-62,0,-66,0,2,-2,77,-8,2,103,-14
-61,0,-66,0,1,-2,70,-8,2,102,-13
-61,0,-66,0,1,-2,70,-8,2,102,-13
-61,0,-66,0,-3,-1,64,-4,3,102,-12
-61,0,-66,0,-4,-1,60,-3,4,101,-12
-61,0,-66,0,-5,-1,57,-2,4,102,-11
-61,0,-66,0,-8,-1,49,-3,4,102,-12
-61,0,-66,0,-8,-1,49,-3,4,102,-12
-61,0,-66,0,-10,-1,45,-2,4,103,-11
-61,0,-66,0,-10,-1,45,-2,4,103,-11
-61,0,-66,0,-12,0,41,-1,4,103,-12
-61,0,-66,0,-12,0,38,-1,4,103,-12
-61,0,-66,0,-13,0,35,-2,4,103,-12
-61,0,-65,0,-15,0,19,-4,4,103,-12
-61,0,-66,0,-16,0,10,-4,4,103,-13
-61,0,-66,0,-17,0,4,-6,4,103,-13
-61,0,-66,0,-19,-1,0,-5,4,103,-13
-61,0,-65,0,-19,0,-3,-4,4,103,-13
-61,0,-65,0,-19,0,-3,-4,4,103,-13
-61,0,-65,0,-20,0,-7,-3,4,103,-12
-61,0,-65,0,-20,0,-7,-3,4,103,-12
-61,0,-65,0,-21,0,-11,-1,5,102,-12
-62,0,-66,0,-21,0,-11,-1,5,102,-12
-61,0,-65,0,-22,0,-11,0,5,102,-12
-61,0,-65,0,-22,0,-12,0,5,102,-11
-61,0,-65,0,-22,0,-12,0,5,102,-11
-61,0,-65,0,-23,0,-13,0,5,102,-10
-61,0,-65,0,-24,0,-12,0,5,102,-10
-61,0,-65,0,-25,0,-13,0,5,102,-11
-61,0,-65,0,-25,0,-13,0,5,103,-11
-61,0,-65,0,-26,0,-13,0,5,103,-11
-61,0,-66,0,-27,0,-13,0,5,102,-11
-61,0,-66,0,-27,0,-13,0,5,102,-11
-61,0,-66,0,-27,0,-13,0,5,102,-11
-61,0,-66,0,-27,0,-13,0,5,102,-11
-61,0,-66,0,-27,0,-13,0,6,103,-12
-61,0,-66,0,-28,0,-13,0,6,103,-12
-62,0,-67,0,-27,0,-13,0,6,103,-11
-62,0,-67,0,-28,0,-13,0,6,103,-10
-62,0,-67,0,-28,0,-13,0,7,103,-9
-62,0,-67,0,-28,0,-13,0,7,104,-9
-62,0,-66,0,-28,0,-13,0,7,104,-9
-62,0,-67,0,-28,0,-13,0,7,103,-9
-62,0,-67,0,-28,0,-13,0,8,103,-8
-62,0,-67,0,-28,0,-13,0,8,103,-8
-62,0,-67,0,-28,0,-13,0,8,102,-8
-62,0,-67,0,-29,0,-13,0,9,101,-8
-62,0,-67,0,-28,0,-13,0,9,102,-10
-62,0,-67,0,-28,0,-13,0,9,103,-10
-62,0,-67,0,-29,0,-13,0,9,103,-10
-62,0,-67,0,-28,0,-13,0,10,102,-10
-63,0,-66,0,-29,0,-14,0,10,102,-11
-62,0,-66,0,-29,0,-14,0,10,102,-11
-62,0,-66,0,-29,0,-14,0,11,103,-11
-62,0,-67,0,-29,0,-13,0,11,103,-11
-62,0,-66,0,-28,0,-14,0,11,102,-11
-62,0,-66,0,-28,0,-14,0,11,102,-11
-62,0,-66,0,-28,0,-14,0,12,101,-12
-62,0,-65,0,-28,0,-14,0,12,102,-13
-62,0,-65,0,-28,0,-14,0,12,102,-13
-62,0,-65,0,-28,0,-14,0,12,103,-13
-62,0,-65,0,-28,0,-14,0,12,103,-13
-62,0,-64,0,-27,0,-14,0,13,102,-13
-62,0,-64,0,-28,0,-14,0,13,102,-13
-62,0,-64,0,-28,0,-14,0,13,102,-13
-63,0,-63,0,-27,0,-14,0,14,102,-13
-62,0,-63,0,-27,0,-14,0,14,102,-14
-62,0,-62,0,-27,0,-14,0,14,101,-13
-62,0,-62,0,-27,0,-14,0,14,101,-13
-61,0,-61,0,-26,0,-14,0,15,101,-12
-62,0,-60,0,-26,0,-14,0,15,101,-12
-62,0,-59,0,-26,0,-14,0,15,102,-13
-61,0,-57,1,-25,0,-14,0,15,102,-14
-60,0,-51,1,-24,0,-14,0,15,103,-15
-60,0,-47,2,-23,0,-14,0,15,102,-14
-59,0,-43,2,-22,0,-14,0,15,101,-14
-58,0,-40,3,-22,0,-14,0,15,101,-14
-58,0,-37,2,-22,0,-14,0,15,101,-14
-57,0,-34,1,-21,0,-14,0,15,100,-15
-56,0,-32,1,-20,0,-14,0,15,100,-15
-55,0,-30,1,-19,0,-14,0,16,100,-15
-54,0,-29,1,-19,0,-14,0,16,101,-15
-53,0,-27,1,-18,0,-14,0,15,101,-15
-52,0,-25,1,-17,0,-14,0,15,101,-16
-52,0,-23,1,-17,0,-14,0,15,101,-17
-50,0,-22,0,-16,0,-14,0,15,102,-17
-50,0,-21,0,-15,0,-15,0,15,102,-17
-49,0,-20,0,-15,0,-14,0,15,102,-17
-48,0,-19,0,-15,0,-14,0,14,101,-17
-48,0,-17,0,-15,0,-14,0,14,100,-16
-48,0,-17,0,-15,0,-15,0,15,100,-16
-47,0,-17,0,-14,0,-15,0,15,100,-16
-47,0,-19,0,-14,0,-14,0,15,100,-16
-46,0,-16,0,-14,0,-14,0,14,100,-16
-46,0,-16,0,-14,0,-14,0,14,100,-16
-44,0,-16,0,-13,0,-14,0,14,101,-17
-44,0,-16,0,-13,0,-14,0,14,101,-17
-44,0,-15,0,-13,0,-13,0,13,101,-17
-43,0,-15,0,-12,0,-14,0,13,101,-18
-44,0,-15,0,-13,0,-14,0,13,101,-18
-43,0,-15,0,-13,0,-13,0,13,101,-19
-43,0,-15,0,-13,0,-13,0,13,101,-19
-42,0,-15,0,-12,0,-13,0,13,101,-18
-42,0,-15,0,-12,0,-13,0,13,101,-18
-42,0,-15,0,-12,0,-13,0,14,100,-18
-42,0,-15,0,-12,0,-13,0,14,100,-17
-42,0,-15,0,-12,0,-13,0,14,100,-17
-42,0,-16,0,-12,0,-13,0,14,100,-18
-42,0,-16,0,-12,0,-13,0,14,100,-18
-42,0,-16,0,-12,0,-13,0,13,101,-18
-42,0,-16,0,-12,0,-13,0,13,101,-18
-42,0,-16,0,-12,0,-13,0,13,101,-19
-41,0,-16,0,-12,0,-13,0,13,101,-19
-41,0,-16,0,-12,0,-13,0,13,101,-19
-41,0,-16,0,-12,0,-13,0,13,101,-19
-41,0,-17,0,-12,0,-13,0,13,102,-19
-41,0,-16,0,-12,0,-13,0,13,101,-19
-41,0,-16,0,-12,0,-13,0,13,101,-19
-41,0,-16,0,-12,0,-13,0,13,101,-18
-40,0,-16,0,-12,0,-13,0,13,100,-18
-40,0,-15,0,-12,0,-12,0,13,100,-18
-40,0,-15,0,-12,0,-12,0,13,101,-18
-39,0,-13,0,-11,0,-13,0,14,101,-18
-39,0,-13,0,-11,0,-13,0,14,101,-18
-38,0,-13,0,-11,0,-12,0,13,100,-19
-37,0,-12,0,-11,0,-12,0,13,100,-19
-36,0,-11,0,-11,0,-12,0,14,100,-18
-36,0,-10,0,-10,0,-12,0,14,100,-18
-35,0,-10,0,-11,0,-11,0,13,101,-18
-35,0,-7,0,-11,0,-11,0,13,101,-19
-35,0,-7,0,-11,0,-11,0,13,101,-19
-34,0,-3,1,-9,0,-10,0,13,101,-19
-33,0,-2,1,-8,0,-11,0,13,101,-20
-33,0,-2,0,-8,0,-11,0,13,101,-20
-33,0,-3,0,-9,0,-11,0,13,101,-20
-33,0,-3,0,-8,0,-10,0,13,101,-20
-33,0,-4,0,-8,0,-10,0,13,101,-20
-33,0,-5,0,-8,0,-10,0,13,100,-20
-33,0,-6,0,-9,0,-10,0,13,100,-20
-33,0,-7,0,-8,0,-11,0,13,100,-20
-34,0,-8,0,-8,0,-10,0,13,100,-19
-33,0,-8,0,-8,0,-11,0,13,101,-20
-33,0,-9,0,-8,0,-10,0,13,101,-20
-33,0,-9,0,-8,0,-10,0,13,100,-20
-33,0,-9,0,-8,0,-10,0,12,100,-20
-34,0,-9,0,-8,0,-10,0,12,100,-20
-34,0,-9,0,-8,0,-10,0,12,100,-20
-34,0,-11,0,-9,0,-10,0,12,101,-20
-34,0,-12,0,-10,0,-10,0,12,100,-20
-35,0,-21,-2,-15,-1,-11,0,12,100,-20
-36,0,-30,-3,-21,-2,-11,0,12,100,-21
-39,-1,-49,-5,-27,-3,-13,0,11,101,-21
-40,-1,-53,-6,-29,-2,-14,0,11,101,-22
-40,0,-56,-5,-29,-1,-14,0,10,102,-22
-40,0,-58,-3,-30,-1,-15,0,10,103,-21
-40,0,-58,-3,-30,-1,-15,0,10,103,-21
-39,0,-59,-2,-30,0,-15,0,10,103,-21
-38,0,-59,0,-30,0,-15,0,10,103,-21
-37,0,-59,0,-30,0,-16,0,9,103,-22
-37,0,-59,0,-30,0,-15,0,9,103,-22
-36,0,-58,0,-30,0,-16,0,8,104,-22
-36,0,-57,0,-30,0,-15,0,8,104,-20
-36,0,-57,0,-30,0,-15,0,8,102,-20
-36,0,-56,0,-30,0,-15,0,8,100,-21
-35,0,-55,0,-30,0,-16,0,7,99,-23
-34,0,-53,0,-30,0,-16,0,7,99,-22
-34,0,-52,0,-29,0,-16,0,7,99,-22
-34,0,-52,0,-29,0,-16,0,7,99,-22
-33,0,-51,0,-29,0,-15,0,8,98,-22
-33,0,-51,0,-29,0,-15,0,8,97,-22
-33,0,-50,0,-29,0,-16,0,7,97,-23
-33,0,-49,0,-29,0,-15,0,8,97,-23
-33,0,-49,0,-29,0,-15,0,8,97,-23
-33,0,-47,0,-28,0,-16,0,9,97,-22
-33,0,-45,0,-28,0,-15,0,8,97,-23
-36,0,-40,1,-27,0,-15,0,8,96,-22
-36,0,-39,1,-27,0,-16,0,8,97,-22
-37,0,-38,1,-27,0,-16,0,8,98,-22
-37,0,-35,1,-26,0,-15,0,8,98,-22
-38,0,-34,1,-25,0,-15,0,8,99,-22
-38,0,-29,1,-24,0,-15,0,8,100,-22
-38,0,-29,1,-24,0,-15,0,8,100,-22
-38,0,-26,1,-23,0,-14,0,8,101,-23
-38,0,-25,1,-22,0,-14,0,9,102,-23
-38,0,-25,0,-21,0,-14,0,9,102,-22
-38,0,-25,0,-21,0,-14,0,9,103,-21
-38,0,-25,0,-21,0,-14,0,9,103,-21
-38,0,-25,0,-21,0,-14,0,9,103,-20
-38,0,-25,0,-21,0,-14,0,10,104,-19
-38,0,-25,0,-20,0,-14,0,10,103,-18
-38,0,-25,0,-20,0,-14,0,10,102,-17
-38,0,-26,0,-20,0,-14,0,11,101,-16
-38,0,-27,0,-20,0,-14,0,11,101,-16
-38,0,-28,0,-20,0,-14,0,12,101,-16
-39,0,-30,0,-21,0,-15,0,12,100,-17
-39,0,-30,0,-21,0,-15,0,12,100,-17
-39,0,-32,0,-22,0,-15,0,12,100,-18
-39,0,-34,-1,-23,0,-15,0,12,100,-18
-40,0,-38,-1,-26,-1,-15,0,12,101,-19
-41,0,-41,-1,-27,-1,-15,0,12,101,-19
-42,0,-44,-2,-28,-1,-15,0,11,101,-19
-43,0,-49,-2,-29,0,-16,0,11,102,-20
-43,0,-49,-2,-29,0,-16,0,11,102,-20
-44,0,-50,-1,-30,0,-17,0,11,104,-20
-43,0,-48,0,-29,0,-17,0,11,104,-20
-41,0,-44,1,-29,0,-17,0,11,104,-19
-36,1,-35,3,-28,0,-17,0,11,103,-18
-31,2,-24,3,-26,0,-18,0,11,103,-18
-28,2,-16,5,-24,1,-17,0,10,103,-19
-23,3,-9,6,-23,1,-14,0,10,103,-20
-10,4,5,5,-17,1,-8,2,9,102,-21
-4,4,12,5,-13,1,-4,2,9,101,-21
2,5,17,5,-8,3,-2,2,9,101,-21
7,4,23,5,-3,3,2,2,9,101,-22
11,4,28,4,2,3,5,2,8,101,-24
16,4,33,4,7,4,8,2,8,101,-25
22,4,39,4,12,4,13,2,7,101,-25
36,5,48,4,20,3,21,3,7,101,-25
43,5,51,3,23,3,26,3,7,100,-24
50,5,55,3,26,2,31,3,7,100,-23
58,5,60,3,30,2,37,3,7,100,-24
65,5,64,3,34,2,44,4,6,101,-24
81,6,74,3,43,3,57,5,6,100,-24
81,6,74,3,43,3,57,5,6,100,-24
98,6,89,4,52,3,75,5,6,98,-23
98,6,89,4,52,3,75,5,6,98,-23
114,6,107,6,60,3,99,8,6,97,-23
118,5,113,6,61,2,103,7,6,97,-23
117,2,117,5,56,1,99,5,6,95,-22
115,0,115,1,53,-1,91,-1,6,94,-22
101,-3,108,-2,48,-2,71,-6,6,95,-21
88,-5,101,-3,44,-2,57,-8,6,95,-22
71,-8,89,-3,28,-2,43,-8,7,97,-22
35,-13,49,-11,12,-7,17,-10,7,98,-21
35,-13,49,-11,12,-7,17,-10,7,98,-21
1,-10,8,-14,0,-5,1,-7,7,101,-20
-5,-8,1,-9,-4,-3,-1,-3,7,103,-20
-10,-6,-4,-7,-7,-2,-3,-2,8,103,-20
-14,-4,-9,-5,-10,-2,-5,-2,8,104,-20
-19,-4,-15,-4,-12,-2,-6,-1,7,105,-19
-26,-3,-26,-4,-15,-1,-7,0,7,105,-18
-26,-3,-26,-4,-15,-1,-7,0,7,105,-18
-29,-2,-32,-3,-17,-1,-8,0,7,105,-18
-29,-1,-32,-2,-18,0,-8,0,7,105,-18
-30,0,-32,-2,-17,0,-8,0,7,105,-17
-30,0,-32,0,-17,0,-8,0,7,105,-17
-30,0,-32,0,-17,0,-8,0,8,104,-16
-31,0,-32,0,-17,0,-8,0,8,104,-15
-31,0,-32,0,-17,0,-8,0,8,103,-14
-31,0,-31,0,-17,0,-8,0,8,103,-14
-30,0,-31,0,-16,0,-8,0,9,102,-14
-31,0,-31,0,-16,0,-8,0,9,101,-14
-30,0,-29,0,-16,0,-8,0,10,100,-14
-30,0,-29,0,-15,0,-7,0,10,100,-15
-30,0,-28,0,-15,0,-7,0,10,100,-15
-30,0,-27,0,-15,0,-8,0,10,100,-16
-30,0,-25,0,-15,0,-7,0,10,100,-16
-29,0,-21,1,-14,0,-7,0,11,100,-17
-29,0,-21,1,-14,0,-7,0,11,100,-17
-28,0,-18,1,-13,0,-7,0,11,100,-18
-28,0,-17,1,-13,0,-7,0,11,100,-18
-28,0,-17,1,-13,0,-7,0,11,101,-18
-27,0,-17,0,-14,0,-6,0,11,102,-19
-28,0,-16,0,-14,0,-7,0,11,102,-19
-28,0,-17,0,-13,0,-7,0,11,103,-19
-27,0,-16,0,-13,0,-7,0,12,103,-19
-27,0,-17,0,-13,0,-7,0,12,102,-19
-26,0,-15,0,-13,0,-7,0,12,102,-19
-26,0,-14,0,-13,0,-7,0,12,102,-19
-26,0,-14,0,-12,0,-7,0,13,101,-18
-26,0,-14,0,-12,0,-7,0,13,101,-18
-26,0,-13,0,-13,0,-6,0,13,100,-18
-26,0,-13,0,-12,0,-7,0,13,100,-17
-26,0,-13,0,-12,0,-7,0,13,100,-17
-26,0,-13,0,-12,0,-6,0,13,100,-17
-26,0,-12,0,-12,0,-7,0,13,101,-18
-26,0,-11,0,-12,0,-7,0,13,101,-18
-26,0,-10,0,-12,0,-6,0,13,101,-18
-26,0,-10,0,-11,0,-6,0,13,101,-18
-26,0,-10,0,-12,0,-6,0,13,101,-18
-26,0,-10,0,-11,0,-6,0,12,101,-17
-26,0,-10,0,-11,0,-6,0,12,101,-17
-26,0,-10,0,-12,0,-6,0,12,100,-17
-25,0,-10,0,-12,0,-6,0,12,100,-17
-25,0,-10,0,-11,0,-6,0,12,100,-17
-25,0,-10,0,-11,0,-6,0,12,100,-16
-25,0,-10,0,-11,0,-5,0,12,100,-16
-25,0,-10,0,-11,0,-6,0,12,100,-17
-25,0,-10,0,-11,0,-6,0,12,100,-17
-25,0,-9,0,-11,0,-6,0,13,101,-17
-25,0,-9,0,-11,0,-5,0,13,101,-18
-25,0,-8,0,-11,0,-5,0,13,102,-18
-25,0,-8,0,-11,0,-5,0,13,102,-18
-25,0,-8,0,-11,0,-5,0,13,102,-19
-25,0,-8,0,-11,0,-6,0,13,102,-19
-25,0,-8,0,-11,0,-5,0,13,102,-19
-25,0,-8,0,-11,0,-5,0,13,102,-19
-25,0,-8,0,-11,0,-5,0,13,102,-19
-24,0,-8,0,-11,0,-5,0,13,100,-18
-24,0,-7,0,-11,0,-5,0,12,100,-18
-24,0,-6,0,-10,0,-5,0,12,99,-18
-25,0,-7,0,-10,0,-5,0,12,99,-17
-25,0,-7,0,-10,0,-5,0,12,99,-17
-24,0,-7,0,-10,0,-4,0,12,99,-16
-24,0,-7,0,-10,0,-4,0,12,99,-16
-24,0,-6,0,-10,0,-4,0,12,99,-16
-24,0,-7,0,-10,0,-4,0,12,100,-16
-24,0,-7,0,-10,0,-5,0,12,100,-15
-24,0,-6,0,-10,0,-5,0,13,101,-15
-24,0,-7,0,-10,0,-4,0,13,101,-16
-24,0,-6,0,-11,0,-4,0,14,101,-16
-24,0,-7,0,-10,0,-4,0,14,102,-16
-25,0,-7,0,-11,0,-4,0,14,102,-17
-24,0,-7,0,-10,0,-4,0,15,102,-18
-25,0,-7,0,-10,0,-5,0,15,102,-18
-24,0,-7,0,-10,0,-4,0,15,102,-19
-25,0,-7,0,-11,0,-4,0,15,102,-20
-25,0,-7,0,-11,0,-5,0,15,102,-20
-25,0,-7,0,-11,0,-4,0,15,102,-21
-25,0,-7,0,-10,0,-4,0,15,101,-21
-24,0,-7,0,-10,0,-4,0,15,101,-21
-24,0,-7,0,-10,0,-4,0,15,101,-21
-25,0,-6,0,-10,0,-4,0,15,100,-21
-25,0,-7,0,-10,0,-4,0,15,100,-21
-25,0,-7,0,-10,0,-4,0,15,100,-20
-24,0,-7,0,-10,0,-4,0,15,100,-20
-25,0,-7,0,-10,0,-4,0,15,100,-20
-25,0,-7,0,-10,0,-4,0,15,99,-19
-25,0,-6,0,-10,0,-4,0,15,99,-19
-25,0,-7,0,-10,0,-4,0,14,99,-19
